"Title","Type","Availability","MSRP Currency","MSRP","Show Price Currency","Show Price","Publisher","Location","Priority","Notes","Thumbs","BGGId","BGGVersionId","Mfg Product Code","Release Date","Override Release Date","Events"
"Qawale","Standalone","For Sale","USD",25,"N/A","N/A","Gigamic","2435 / ICC 142 (Hachette Boardgames)","N/A","N/A",55,"368465","705127","","2024-03-00","",""
"Task Team","Standalone","For Sale","USD",25,"N/A","N/A","Gigamic","2435 / ICC 142 (Hachette Boardgames)","N/A","N/A",37,"393190","668967","","2024-05-29","",""
"Zoomino","Standalone","Demo","N/A","N/A","N/A","N/A","Gigamic","2435 / ICC 142 (Hachette Boardgames)","N/A","N/A",37,"411936","698209","","2024-09-20","",""
"Nekojima","Standalone","For Sale","USD",37,"N/A","N/A","Unfriendly Games","2435 / ICC 142 (Hachette Boardgames)","N/A","N/A",99,"359029","603949","","2023-11-00","",""
"Monster Chase","Standalone","For Sale","USD",15,"N/A","N/A","Scorpion Masqué","2435 / ICC 142 (Hachette Boardgames)","N/A","N/A",38,"43578","702507","","2024-05-22","",""
"Flashback: Lucy","Standalone","For Sale","USD",25,"N/A","N/A","Scorpion Masqué","2435 / ICC 142 (Hachette Boardgames)","N/A","N/A",48,"408308","692729","","2024-03-27","",""
"Dead Cells: The Rogue-Lite Board Game","Standalone","Demo","N/A","N/A","N/A","N/A","Scorpion Masqué","2435 / ICC 142 (Hachette Boardgames)","N/A","N/A",146,"380135","649312","","2024-12-00","",""
"Festival","Standalone","Demo","N/A","N/A","N/A","N/A","Scorpion Masqué","2435 / ICC 142 (Hachette Boardgames)","N/A","N/A",43,"413948","701183","","2024-09-00","",""
"3 of a Kind","Standalone","For Sale","USD",20,"N/A","N/A","Weird City Games","2956","N/A","N/A",8,"416027","704576","WCG61","2024-09-01","Q3 2024",""
"Canopy: Evergreen","Standalone","Demo","N/A","N/A","N/A","N/A","Weird City Games","2956","N/A","N/A",74,"391886","666862","","2024-09-00","Q3 2024",""
"Fruitoplay","Standalone","For Sale","USD",22,"N/A","N/A","Barrel Aged Games","2809","N/A","N/A",27,"394325","696924","","2024-08-16","",""
"Plantopia: The Card Game","Standalone","For Sale","USD",27,"N/A","N/A","Barrel Aged Games","2809","N/A","N/A",40,"316857","714571","","2024-08-16","",""
"Pixies","Standalone","Demo","N/A","N/A","N/A","N/A","Bombyx","638","N/A","N/A",58,"411875","698125","","2024-03-01","",""
"We're Sinking!: Swords & Souls","Expansion","For Sale","USD",12,"N/A","N/A","Ludamus Games","3060","N/A","N/A",8,"382413","653197","","2024-07-00","",""
"Toppings","Standalone","Demo","N/A","N/A","N/A","N/A","Ludamus Games","3060","N/A","N/A",20,"331857","552183","","2025-00-00","",""
"Cascadero","Standalone","For Sale","USD",49,"N/A","N/A","Bitewing Games","2658 (Elf Creek Games)","N/A","N/A",131,"401216","680755","","2024-04-00","",""
"Spectral","Standalone","For Sale","USD",45,"N/A","N/A","Bitewing Games","2658 (Elf Creek Games)","N/A","N/A",66,"388476","661316","","2024-04-00","",""
"Cascadito","Standalone","For Sale","USD",20,"N/A","N/A","Bitewing Games","2658 (Elf Creek Games)","N/A","N/A",43,"401217","680756","","2024-04-00","",""
"Monumental Duel: Exploration","Standalone","Demo","N/A","N/A","N/A","N/A","Funforge","1321-demos / 1429-sales (Flat River Group)","N/A","N/A",18,"420517","713021","MODUEL-EXUS","2024-08-00","",""
"Monumental Duel: Espionage","Standalone","Demo","N/A","N/A","N/A","N/A","Funforge","1321-demos / 1429-sales (Flat River Group)","N/A","N/A",18,"420522","713028","MODUEL-ESUS01","2024-08-01","",""
"Caution Signs","Standalone","For Sale","USD",25,"N/A","N/A","Wacky Wizard Games","2655","N/A","N/A",35,"407805","691882","","2024-06-19","",""
"Sorcerer: Endbringer","Expansion","For Sale","USD",50,"N/A","N/A","Wise Wizard Games","2655","N/A","N/A",21,"313272","515266","","2024-10-04","",""
"Star Realms: Rise of Empire","Standalone","For Sale","USD",60,"N/A","N/A","Wise Wizard Games","2655","N/A","N/A",45,"360676","607367","","2023-11-24","Q4 2024",""
"Pack the Essentials","Standalone","Demo","N/A","N/A","N/A","N/A","Wacky Wizard Games","2655","N/A","N/A",23,"295134","482862","","2024-00-00","Q4 2024",""
"Pentris","Standalone","For Sale","USD",35,"N/A","N/A","Pendragon Game Studio","1738 / 1429-sales (Flat River Group)","N/A","N/A",10,"421779","715337","PG937","2024-09-00","",""
"Evenfall","Standalone","For Sale","USD",60,"N/A","N/A","Nanox Games","1321-demos / 1429-sales (Flat River Group)","N/A","N/A",139,"396989","674680","MAT-EFL-001-293","2024-04-24","",""
"Tower Up","Standalone","Demo","N/A","N/A","N/A","N/A","Monolith Board Games","1321-demos / 1429-sales (Flat River Group)","N/A","N/A",34,"393307","669171","","2024-10-04","",""
"Compile: Main 1","Standalone","For Sale","USD",20,"N/A","N/A","Greater Than Games, LLC","1321-demos / 1429-sales (Flat River Group)","N/A","N/A",27,"406652","690157","COMP-MN01","2024-08-01","",""
"Defenders of the Realm: Legends Edition","Standalone","Demo","N/A","N/A","N/A","N/A","Greater Than Games, LLC","1321-demos / 1429-sales (Flat River Group)","N/A","N/A",77,"391306","665813","","2025-08-00","",""
"Get Bit!","Standalone","For Sale","USD",20,"N/A","N/A","Greater Than Games, LLC","1321-demos / 1429-sales (Flat River Group)","N/A","N/A",28,"30539","575586","GBIT-CORE","2024-03-15","",""
"Touch It","Standalone","For Sale","USD",10,"N/A","N/A","Wonderful World Board Games","1356","N/A","N/A",44,"360328","714316","","2024-00-00","Q3 2024",""
"Fashion Police","Standalone","For Sale","USD",23,"N/A","N/A","Wonderful World Board Games","1356","N/A","N/A",46,"422373","716492","","0000-00-00","Q4 2024",""
"Lone Wolves","Standalone","For Sale","USD",20,"N/A","N/A","Wonderful World Board Games","1356","N/A","N/A",71,"422374","716493","","0000-00-00","Q4 2024",""
"7th Sea: City of Five Sails – Tooth and Claw","Expansion","For Sale","USD",30,"N/A","N/A","Pine Box Entertainment","1929/2029 (Studio 2 Publishing)","N/A","N/A",13,"419923","711869","","0000-00-00","Q3 2024",""
"Sonic Roll","Standalone","For Sale","USD",45,"N/A","N/A","Kess Co.","2143","N/A","N/A",33,"406684","690219","","0000-00-00","Q1 2024",""
"One Piece: Luffy's Bento Panic","Standalone","For Sale","USD",25,"N/A","N/A","Kess Co.","2143","N/A","N/A",15,"420855","713624","","2024-09-01","",""
"Stellar Drift: Pull & Write","Standalone","For Sale","USD",30,"N/A","N/A","Mystic Tiger Games, LLC","632 (Indie Game Alliance)","N/A","N/A",19,"396914","674527","","2024-09-00","",""
"Unmatched: Slings and Arrows","Standalone","For Sale","USD",40,"N/A","N/A","Restoration Games","1731","N/A","N/A",46,"415945","704466","","2024-06-12","",""
"Crossbows & Catapults: Fortress War","Standalone","For Sale","USD",90,"N/A","N/A","Restoration Games","1731","N/A","N/A",29,"342075","570364","","2024-00-00","",""
"Crossbows & Catapults: Castle Battle","Standalone","For Sale","USD",30,"N/A","N/A","Restoration Games","1731","N/A","N/A",30,"390612","664805","REO9600","0000-00-00","",""
"Chickadoo","Standalone","For Sale","USD",15,"N/A","N/A","FoxMind","1909","N/A","N/A",7,"397834","708547","20040","2024-03-01","",""
"Slanguage","Standalone","Demo","N/A","N/A","N/A","N/A","FoxMind","1909","N/A","N/A",7,"419668","0",,,,""
"Natera: New Beginning","Standalone","Demo","N/A","N/A","N/A","N/A","Horizon Games","(see listing)","N/A","N/A",60,"379761","648715","","2024-00-00","",""
"Distilled: Cask Strength","Expansion","For Sale","USD",15,"N/A","N/A","Paverson Games","2151","N/A","N/A",83,"410381","695816","","2024-09-01","",""
"Luthier","Standalone","Demo","N/A","N/A","N/A","N/A","Paverson Games","2151","N/A","N/A",254,"371330","633272","","2024-00-00","Q2 2025",""
"River of Gold","Standalone","For Sale","USD",50,"N/A","N/A","Office Dog","809","N/A","N/A",116,"399941","678546","","2024-08-16","",""
"Word Traveler","Standalone","For Sale","USD",40,"N/A","N/A","Office Dog","809","N/A","N/A",38,"400508","679412","","2024-04-12","",""
"A.E.G.I.S. Combining Robots: Season 2","Standalone","Demo","N/A","N/A","N/A","N/A","Zephyr Workshop","2939","N/A","N/A",10,"330005","549024","","2024-08-01","",""
"Kelp: Shark vs Octopus","Standalone","Demo","N/A","N/A","N/A","N/A","Wonderbow Games","(see listing)","N/A","N/A",144,"374595","639076","","2024-11-00","",""
"Nebula","Standalone","Demo","N/A","N/A","N/A","N/A","Wonderbow Games","(see listing)","N/A","N/A",31,"374982","713594","","2024-10-00","",""
"DONUTS","Standalone","For Sale","USD",15,"N/A","N/A","Funforge","1321-demos / 1429-sales (Flat River Group)","N/A","N/A",39,"341358","716178","","2024-00-00","",""
"I Heart Manatees","Standalone","For Sale","USD",20,"N/A","N/A","Buffalo Games","1807","N/A","N/A",71,"421373","714565","570","2024-08-01","",""
"Wrath of Fire Mountain","Standalone","For Sale","USD",25,"N/A","N/A","Gamewright","1807","N/A","N/A",91,"421208","714248","431","2024-08-01","",""
"Weirdwood Manor","Standalone","For Sale","USD",65,"N/A","N/A","Greyridge Games","1937","N/A","N/A",112,"359601","604977","GRG0103EN","2024-07-05","",""
"Shut Up, Cat!","Standalone","For Sale","USD",29,"N/A","N/A","Gravitic Games","2941 (Cardboard Dynamo)","N/A","N/A",9,"389011","662207","","2024-08-01","",""
"World Wonders: Mundo Wonders Pack","Expansion","For Sale","USD",25,"N/A","N/A","Arcane Wonders","629","N/A","N/A",275,"406746","700872","","2024-05-00","",""
"Aquatica: Coral Reefs","Expansion","For Sale","USD",40,"N/A","N/A","Arcane Wonders","629","N/A","N/A",157,"404036","697719","","2024-08-00","",""
"Super Kawaii Pets","Standalone","For Sale","USD",15,"N/A","N/A","Arcane Wonders","629","N/A","N/A",46,"346951","697717","","2024-06-00","",""
"Foundations of Metropolis","Standalone","For Sale","USD",50,"N/A","N/A","Arcane Wonders","629","N/A","N/A",256,"412865","699564","","2024-08-00","",""
"Vegetable Stock","Standalone","For Sale","USD",15,"N/A","N/A","Arcane Wonders","629","N/A","N/A",111,"328211","697718","","2024-10-00","",""
"City of Myrkesh","Standalone","For Sale","N/A","N/A","N/A","N/A","Dragon Egg Games","2860","N/A","N/A",1,"400625","679586","","2024-08-00","",""
"GrumbleStone","Standalone","Demo","N/A","N/A","N/A","N/A","Blue Fox Games","2860 (Dragon Egg Games)","N/A","N/A",1,"392197","667304","","2024-05-06","Q1 2025",""
"My Little Pony: Adventures in Equestria Deck-Building Game – Scholarly Shenanigans Expansion","Expansion","For Sale","USD",30,"N/A","N/A","Renegade Game Studios","1619","N/A","N/A",9,"417227","706753","","2024-05-14","",""
"G.I. JOE Deck-Building Game: Silent Interlude Expansion","Expansion","For Sale","USD",30,"N/A","N/A","Renegade Game Studios","1619","N/A","N/A",10,"402923","683845","","2024-05-14","",""
"Risk 2210 A.D.","Standalone","For Sale","USD",60,"N/A","N/A","Renegade Game Studios","1619","N/A","N/A",15,"1829","706756","","2024-05-16","",""
"G.I. JOE: Battle for the Arctic Circle","Standalone","For Sale","USD",60,"N/A","N/A","Renegade Game Studios","1619","N/A","N/A",13,"397841","675863","","2024-05-16","",""
"Transformers Deck-Building Game: Chaos Unleashed","Expansion","For Sale","USD",30,"N/A","N/A","Renegade Game Studios","1619","N/A","N/A",11,"417215","706728","","2024-06-11","",""
"Vampire: The Masquerade – Rivals: Martial Law","Expansion","For Sale","USD",30,"N/A","N/A","Renegade Game Studios","1619","N/A","N/A",4,"417216","706729","","2024-06-12","",""
"Robo Rally Transformers","Standalone","For Sale","USD",55,"N/A","N/A","Renegade Game Studios","1619","N/A","N/A",21,"397840","675862","","2024-06-13","",""
"Axis & Allies Anniversary Edition","Standalone","For Sale","USD",130,"N/A","N/A","Renegade Game Studios","1619","N/A","N/A",10,"35052","699228","","2024-06-13","",""
"Ezra and Nehemiah","Standalone","For Sale","USD",60,"N/A","N/A","Renegade Game Studios","1619","N/A","N/A",129,"386368","706731","","2024-06-20","",""
"Axis & Allies: North Africa","Standalone","For Sale","USD",90,"N/A","N/A","Renegade Game Studios","1619","N/A","N/A",14,"412267","698712","","2024-08-00","",""
"Doggerland","Standalone","For Sale","USD",80,"N/A","N/A","Super Meeple","2435 / ICC 142 (Hachette Boardgames)","N/A","N/A",81,"381117","680607","","2024-08-21","",""
"Kronologic: Paris 1920","Standalone","For Sale","USD",25,"N/A","N/A","Super Meeple","2435 / ICC 142 (Hachette Boardgames)","N/A","N/A",65,"402111","711398","","2024-08-07","",""
"Expeditions: Around the World","Standalone","For Sale","USD",35,"N/A","N/A","Super Meeple","2435 / ICC 142 (Hachette Boardgames)","N/A","N/A",50,"223","652255","","2024-05-08","",""
"Wild Gardens","Standalone","For Sale","USD",70,"N/A","N/A","Rose Gauntlet Entertainment","255","N/A","N/A",86,"371133","632921","RGB03001","2024-08-16","",""
"Turnip","Standalone","For Sale","USD",20,"N/A","N/A","Rose Gauntlet Entertainment","255","N/A","N/A",49,"421314","714460","","2024-09-20","",""
"Looot","Standalone","For Sale","USD",30,"N/A","N/A","Gigamic","2435 / ICC 142 (Hachette Boardgames)","N/A","N/A",89,"410991","696692","","2024-08-14","",""
"Quoridor Pac-Man","Standalone","For Sale","USD",38,"N/A","N/A","Gigamic","2435 / ICC 142 (Hachette Boardgames)","N/A","N/A",63,"411617","697754","","2024-07-00","",""
"Garden Getaway","Standalone","For Sale","USD",15,"N/A","N/A","Gigamic","2435 / ICC 142 (Hachette Boardgames)","N/A","N/A",41,"406908","690591","","2024-07-00","",""
"Katamino Tower","Standalone","For Sale","USD",38,"N/A","N/A","Gigamic","2435 / ICC 142 (Hachette Boardgames)","N/A","N/A",43,"379555","648394","","2023-00-00","",""
"Line-it","Standalone","For Sale","USD",15,"N/A","N/A","Gigamic","2435 / ICC 142 (Hachette Boardgames)","N/A","N/A",45,"382960","654311","","2024-04-24","",""
"Cyber Pet Quest","Standalone","For Sale","USD",30,"N/A","N/A","Dead Alive Games","2563","N/A","N/A",26,"389220","662538","DAG0301","2024-09-20","",""
"We're Sinking!","Standalone","For Sale","USD",55,"N/A","N/A","Ludamus Games","3060","N/A","N/A",25,"340910","568131","","2024-07-00","",""
"Sandbag","Standalone","For Sale","USD",15,"N/A","N/A","Bézier Games","3035","N/A","N/A",45,"412381","698840","BEZ SAND","2024-07-20","",""
"Xylotar","Standalone","For Sale","USD",15,"N/A","N/A","Bézier Games","3035","N/A","N/A",63,"414302","701730","BEZ XYLO","2024-07-00","",""
"Seers Catalog","Standalone","For Sale","USD",15,"N/A","N/A","Bézier Games","3035","N/A","N/A",130,"415981","704512","BEZ SEER","2024-08-01","",""
"Rebel Princess Deluxe Edition","Standalone","For Sale","USD",30,"N/A","N/A","Bézier Games","3035","N/A","N/A",237,"418556","709171","BEZ RPDX","2024-08-00","",""
"Colossal Cat in the Box","Standalone","For Sale","N/A","N/A","N/A","N/A","Bézier Games","3035","N/A","N/A",132,"396587","673969","","2024-08-00","",""
"French Quarter","Standalone","For Sale","USD",30,"N/A","N/A","25th Century Games","1233","N/A","N/A",108,"367442","624902","TFC43000","2024-02-07","",""
"Color Field","Standalone","For Sale","USD",30,"N/A","N/A","25th Century Games","1233","N/A","N/A",29,"280694","458092","TFC12000","2024-03-06","",""
"Donut Shop","Standalone","For Sale","USD",35,"N/A","N/A","25th Century Games","1233","N/A","N/A",74,"332170","552661","","2024-05-01","",""
"Scatter Brain","Standalone","For Sale","N/A","N/A","N/A","N/A","Blue Orange Games","1901","N/A","N/A",3,"424870","720884","","2024-00-00","",""
"Davy Jones' Locker: Curse of the Ghost Ships","Expansion","For Sale","USD",50,"N/A","N/A","PudKat Games","1357","N/A","N/A",13,"395143","671976","","2024-00-00","",""
"ZeroDay.exe","Standalone","Demo","N/A","N/A","N/A","N/A","PudKat Games","1357","N/A","N/A",6,"417745","707734","","0000-00-00","",""
"Flock Together","Standalone","For Sale","USD",84,"N/A","N/A","Sea Cow Games","7018 (Maker's Market)","N/A","N/A",60,"383360","655082","","2024-00-00","",""
"Killer Bunnies and the Journey to Jupiter","Standalone","Demo","N/A","N/A","N/A","N/A","Mr. B Games","2236","N/A","N/A",3,"33876","719546","","2024-09-00","",""
"Sled Runners of Pekari","Standalone","For Sale","USD",50,"N/A","N/A","Oaken Table Games","940","N/A","N/A",8,"424829","720784","OTG1010","2024-07-01","",""
"DANTE: Inferno","Standalone","Demo","N/A","N/A","N/A","N/A","Creative Games Studio LLC","562","N/A","N/A",14,"368309","626669","","2025-00-00","",""
"Nine Circles","Standalone","Demo","N/A","N/A","N/A","N/A","Creative Games Studio LLC","562","N/A","N/A",5,"424617","720452","","0000-00-00","2025",""
"Bomb Busters","Standalone","For Sale","USD",40,"N/A","N/A","Pegasus Spiele","2201","N/A","N/A",20,"413246","720772","","2024-10-00","",""
"The Cat Mitt Game","Standalone","Demo","N/A","N/A","N/A","N/A","McMiLLER","Hall D (see listings)","N/A","N/A",5,"424880","720903","CMG","2024-08-03","",""
"Sprocketforge","Standalone","Demo","N/A","N/A","N/A","N/A","Sophisticated Cerberus Games, LLC","2566","N/A","N/A",32,"415025","702889","","2025-00-00","Q1 2025",""
"Surf's Up!","Standalone","For Sale","USD",25,"N/A","N/A","Good Games Publishing","2833","N/A","N/A",34,"402635","683285","","2024-05-01","",""
"Star Tycoon","Standalone","For Sale","USD",40,"N/A","N/A","Good Games Publishing","2833","N/A","N/A",71,"364393","618594","STARTYC","2024-05-29","",""
"Curses & Covens","Standalone","For Sale","USD",20,"N/A","N/A","Good Games Publishing","2833","N/A","N/A",30,"370837","632276","","2024-09-00","",""
"Cytress","Standalone","Demo","N/A","N/A","N/A","N/A","Tress Games","2833 (Good Games Publishing)","N/A","N/A",18,"302099","494855","09024","2024-10-00","",""
"Pampero","Standalone","For Sale","N/A","N/A","N/A","N/A","APE Games","2455","N/A","N/A",160,"304510","524780","","2024-08-15","",""
"Chaos Cove","Standalone","Demo","N/A","N/A","N/A","N/A","APE Games","2455","N/A","N/A",38,"228657","357374","","2024-10-15","",""
"Ivion: The Falcon & The Snake","Standalone","For Sale","N/A","N/A","N/A","N/A","APE Games","2455","N/A","N/A",20,"390572","664735","","2024-09-15","",""
"Ivion: The Bear & The Badger","Standalone","For Sale","N/A","N/A","N/A","N/A","APE Games","2455","N/A","N/A",20,"400095","678785","IV003BB","2024-09-15","",""
"Ivion: The Noose & The Goose","Standalone","For Sale","N/A","N/A","N/A","N/A","APE Games","2455","N/A","N/A",19,"400096","678786","IV003NG","2024-09-15","",""
"Heroscape: Master Set – Age of Annihilation","Standalone","For Sale","USD",125,"N/A","N/A","Renegade Game Studios","1619","N/A","N/A",23,"368557","627220","","2024-08-00","",""
"Heroscape: The Grove at Laur's Edge","Expansion","For Sale","USD",50,"N/A","N/A","Renegade Game Studios","1619","N/A","N/A",14,"416119","704748","","2024-08-00","",""
"Heroscape: Age of Annihilation – Battle for the Wellspring","Standalone","For Sale","USD",45,"N/A","N/A","Renegade Game Studios","1619","N/A","N/A",14,"416118","704747","","2024-08-00","",""
"Nexus Ops","Standalone","For Sale","USD",65,"N/A","N/A","Renegade Game Studios","1619","N/A","N/A",31,"15363","706758","","2024-08-00","",""
"Power Rangers Deck-Building Game: It's Morphin' Time","Expansion","For Sale","USD",30,"N/A","N/A","Renegade Game Studios","1619","N/A","N/A",5,"417217","706730","","2024-08-00","",""
"Robo Rally: 30th Anniversary","Standalone","For Sale","USD",120,"N/A","N/A","Renegade Game Studios","1619","N/A","N/A",23,"417203","706711","","2024-08-00","",""
"The Search for UAPs","Standalone","For Sale","USD",45,"N/A","N/A","Renegade Game Studios","1619","N/A","N/A",48,"414648","702244","","2024-08-01","",""
"Scoville: 2nd Edition","Standalone","For Sale","N/A","N/A","N/A","N/A","Trick or Treat Studios","1161","N/A","N/A",78,"418411","708876","TPQSCB01","2024-08-00","",""
"Unchained","Standalone","For Sale","N/A","N/A","N/A","N/A","Trick or Treat Studios","1161","N/A","N/A",10,"403547","685138","","2024-03-00","",""
"City of the Living","Standalone","For Sale","N/A","N/A","N/A","N/A","Trick or Treat Studios","1161","N/A","N/A",17,"145203","688540","TPQCLB01","2024-03-00","",""
"Fateforge: Chronicles of Kaan – Clash of the Immortals","Expansion","For Sale","USD",40,"N/A","N/A","Mighty Boards","2865","N/A","N/A",57,"370478","631572","","2024-08-01","",""
"Rebirth","Standalone","Demo","N/A","N/A","N/A","N/A","Mighty Boards","2865","N/A","N/A",274,"417197","706705","","2024-10-02","",""
"New Kingdom: Gardeners","Standalone","For Sale","USD",40,"N/A","N/A","New Kingdom Gaming","2860","N/A","N/A",13,"367732","625514","","2024-07-00","",""
"New Kingdom: Sowers","Standalone","For Sale","USD",25,"N/A","N/A","New Kingdom Gaming","2860","N/A","N/A",8,"402936","683868","","2024-07-00","",""
"Tribulation","Standalone","Demo","N/A","N/A","N/A","N/A","New Kingdom Gaming","2860","N/A","N/A",8,"399971","678604","","2025-06-00","",""
"Sheep in Disguise","Standalone","For Sale","USD",20,"N/A","N/A","(Self-Published)","(see listing)","N/A","N/A",17,"339592","565565","","2024-03-09","",""
"War of the Ring: The Card Game – Fire and Swords","Expansion","For Sale","USD",30,"N/A","N/A","Ares Games","541","N/A","N/A",61,"397827","675835","","2024-09-00","",""
"Stalingrad Roads: Battle on the Edge of the Abyss","Standalone","For Sale","USD",69,"N/A","N/A","Nuts! Publishing","541 (Ares Games)","N/A","N/A",4,"266474","433820","","2024-03-00","",""
"Port Arthur","Standalone","For Sale","USD",28,"N/A","N/A","Nuts! Publishing","541 (Ares Games)","N/A","N/A",12,"309142","595383","","2024-02-00","",""
"Italia 1917-1918: A Farewell to Arms","Standalone","Demo","N/A","N/A","N/A","N/A","Nuts! Publishing","541 (Ares Games)","N/A","N/A",5,"226192","353624","","2024-07-00","",""
"Monumental Duel: Trade","Standalone","Demo","N/A","N/A","N/A","N/A","Funforge","1321-demos / 1429-sales (Flat River Group)","N/A","N/A",16,"420523","713029","MODUEL-TRUS01","2024-08-00","",""
"Power Vacuum","Standalone","Demo","N/A","N/A","N/A","N/A","Keen Bean Studio","2838 (Grand Gamers Guild)","N/A","N/A",119,"402106","682206","","2025-01-00","Q4 2024",""
"Almighty","Standalone","Demo","N/A","N/A","N/A","N/A","Keen Bean Studio","2838 (Grand Gamers Guild)","N/A","N/A",33,"382158","652748","","2026-00-00","",""
"Avant Carde","Standalone","For Sale","USD",20,"N/A","N/A","Resonym","1913","N/A","N/A",44,"390163","664043","","2024-03-20","",""
"Cloudship","Standalone","For Sale","USD",20,"N/A","N/A","AMIGO","1903","N/A","N/A",10,"406324","711449","","2024-06-00","",""
"Pagan: Fate of Roanoke","Standalone","For Sale","USD",45,"N/A","N/A","Capstone Games","1743","N/A","N/A",110,"319910","704406","","2024-00-00","Q3 2024",""
"Pirates of Maracaibo","Standalone","For Sale","USD",50,"N/A","N/A","Capstone Games","1743","N/A","N/A",235,"397385","702597","","2024-00-00","Q3 2024",""
"Tangram City","Standalone","For Sale","USD",30,"N/A","N/A","Capstone Games","1743","N/A","N/A",59,"391497","700202","","2024-04-00","",""
"Panda Royale","Standalone","For Sale","USD",40,"N/A","N/A","Last Night Games","2205","N/A","N/A",22,"398996","677287","","2024-03-00","",""
"Ascendancy","Standalone","Demo","N/A","N/A","N/A","N/A","One More Turn Games","2933","N/A","N/A",45,"258295","417303","","2024-07-00","Aug/Sep 2024",""
"Ancient Knowledge: Heritage","Expansion","For Sale","USD",17,"N/A","N/A","IELLO","1321-demos / 1429-sales (Flat River Group)","N/A","N/A",107,"404354","686282","","2024-08-01","",""
"King of Tokyo: Origins","Standalone","For Sale","USD",30,"N/A","N/A","IELLO","1321-demos / 1429-sales (Flat River Group)","N/A","N/A",60,"403240","684403","70183","2024-02-18","",""
"Guilty: Houston 2015","Standalone","For Sale","USD",20,"N/A","N/A","IELLO","1321-demos / 1429-sales (Flat River Group)","N/A","N/A",31,"404349","686276","70008","2024-06-07","",""
"Clash of Magic Schools","Standalone","For Sale","USD",25,"N/A","N/A","IELLO","1321-demos / 1429-sales (Flat River Group)","N/A","N/A",46,"401185","680711","70148","2024-06-07","",""
"Flip Circus","Standalone","For Sale","USD",12,"N/A","N/A","IELLO","1321-demos / 1429-sales (Flat River Group)","N/A","N/A",30,"404351","686279","","2024-06-07","",""
"Galactic Renaissance","Standalone","For Sale","USD",85,"N/A","N/A","Matagot","2211","N/A","N/A",57,"365526","620869","","2024-03-00","Q3 2024",""
"Slay the Spire: The Board Game","Standalone","For Sale","USD",170,"N/A","N/A","Contention Games","2211 (Matagot)","N/A","N/A",244,"338960","564325","","2024-07-25","",""
"Manhattan Project: War Machine","Standalone","For Sale","USD",35,"N/A","N/A","Grail Games","2211 (Matagot)","N/A","N/A",43,"375573","641306","","2024-07-00","",""
"Expedition: Northwest Passage – HMS Terror Edition","Standalone","For Sale","USD",67,"N/A","N/A","Matagot","2211","N/A","N/A",41,"71074","676519","MAP-NWH-001-246","2024-06-00","",""
"Sherlock Solitaire","Standalone",,"USD",10,"N/A","N/A","Wise Wizard Games","2655","N/A","N/A",26,"411013","696727","","2024-00-00","Q2 2024",""
"Garden Heist","Standalone","For Sale","N/A","N/A","N/A","N/A","Ravensburger","2001","N/A","N/A",7,"413416","700413","","2024-06-00","",""
"That's Not a Hat: Pop Culture","Standalone","For Sale","N/A","N/A","N/A","N/A","Ravensburger","2001","N/A","N/A",24,"406663","690175","22589","2024-01-15","",""
"Disney Villainous: Sugar and Spite","Standalone","For Sale","N/A","N/A","N/A","N/A","Ravensburger","2001","N/A","N/A",16,"411003","696705","","2024-06-00","",""
"Star Wars Villainous: Revenge at Last","Standalone","For Sale","N/A","N/A","N/A","N/A","Ravensburger","2001","N/A","N/A",12,"417130","706611","","2024-07-21","",""
"Horrified: World of Monsters","Standalone","For Sale","USD",30,"N/A","N/A","Ravensburger","2001","N/A","N/A",47,"423434","718410","","2024-08-01","",""
"Chronicles of Light: Darkness Falls (Disney Edition)","Standalone","For Sale","N/A","N/A","N/A","N/A","Ravensburger","2001","N/A","N/A",39,"411369","697372","","2024-07-21","",""
"Disney Villainous: Introduction to Evil","Standalone","For Sale","N/A","N/A","N/A","N/A","Ravensburger","2001","N/A","N/A",6,"391561","696706","","2024-08-00","",""
"Minecraft Explorers","Standalone","For Sale","N/A","N/A","N/A","N/A","Ravensburger","2001","N/A","N/A",10,"413403","700377","21580","2024-06-00","",""
"Meadow: Adventure Book","Expansion","For Sale","USD",45,"N/A","N/A","Rebel Studio","1109 (Asmodee)","N/A","N/A",59,"397131","674877","","2024-00-00","Oct/Nov 2024",""
"Hey Hey Relay","Standalone","For Sale","USD",15,"N/A","N/A","Ultra PRO","701","N/A","N/A",7,"423451","718432","11234","2024-07-15","",""
"Super Boss Monster","Standalone","Demo","N/A","N/A","N/A","N/A","Brotherwise Games","339","N/A","N/A",27,"415524","703720","","0000-00-00","Q1 2025",""
"Flapjacks & Sasquatches Dice Game","Standalone","For Sale","USD",24,"N/A","N/A","Prolific Games (I)","2235","N/A","N/A",8,"400143","678868","PLF160","2024-05-20","",""
"Lumberjacks with Rocket Launchers","Standalone","For Sale","USD",13,"N/A","N/A","Prolific Games (I)","2235","N/A","N/A",7,"400144","678869","PLF350","2024-06-07","",""
"Squatch & Seek","Standalone","For Sale","USD",12,"N/A","N/A","Prolific Games (I)","2235","N/A","N/A",2,"400145","678870","PLF450","2024-06-00","",""
"Jewels for the Emperor Penguin","Standalone","For Sale","USD",40,"N/A","N/A","Left Justified Studio","2235","N/A","N/A",16,"408853","693708","","2024-08-05","",""
"Frozen Shinies: The Emperor Penguin's Nephew","Standalone","For Sale","USD",16,"N/A","N/A","Left Justified Studio","2235","N/A","N/A",10,"410662","696240","LJS720","2024-08-05","",""
"DC Super-Skill Pinball: Harley Quinn Ball","Standalone","For Sale","USD",25,"N/A","N/A","WizKids (I)","711","N/A","N/A",19,"422339","716443","","2024-08-00","",""
"Dungeons & Dragons: Onslaught – Tendrils of the Lichen Lich Starter Set","Standalone","For Sale","USD",100,"N/A","N/A","WizKids (I)","711","N/A","N/A",12,"416089","704696","","2024-07-00","",""
"Trail Story: America","Standalone","For Sale","USD",40,"N/A","N/A","WizKids (I)","711","N/A","N/A",19,"382834","654095","87585","2024-08-00","",""
"Star Trek: Captain's Chair","Standalone","Demo","N/A","N/A","N/A","N/A","WizKids (I)","711","N/A","N/A",76,"422541","716818","","2024-10-00","",""
"Black Rose Wars: Rebirth – Dreadforge","Expansion","For Sale","USD",40,"N/A","N/A","Ludus Magnus Studio","2954","N/A","N/A",4,"414160","705619","","2024-03-00","",""
"PopCats Fighter","Standalone","Demo","N/A","N/A","N/A","N/A","Violet Daisy Games LLC","BIPOC Lounge (rooms 240-241)","N/A","N/A",7,"255206","409894","","2025-00-00","",""
"One Deck Dungeon: Relics of the Forge","Standalone","Demo","N/A","N/A","N/A","N/A","Asmadi Games","2555","N/A","N/A",4,"425724","722434","","0000-00-00","Q2 2025",""
"The Shivers: The Fogmoor Museum","Expansion","Demo","N/A","N/A","N/A","N/A","Pop Fiction Games","2862","N/A","N/A",1,"402644","683309","","0000-00-00","",""
"Kuiperium","Standalone","For Sale","N/A","N/A","N/A","N/A","Dragon Egg Games","2860","N/A","N/A",3,"341275","568959","","2024-07-00","",""
"Motley","Standalone","For Sale","N/A","N/A","N/A","N/A","Weird Giraffe Games","2623","N/A","N/A",2,"382101","652658","","2024-04-00","",""
"Dreams of Yesterday","Standalone","For Sale","N/A","N/A","N/A","N/A","Weird Giraffe Games","2623","N/A","N/A",3,"378751","647059","","0000-00-00","",""
"Way Too Many Cats!","Standalone","For Sale","N/A","N/A","N/A","N/A","Weird Giraffe Games","2623","N/A","N/A",3,"355829","597786","","2024-01-00","",""
"Pizza Roles","Standalone","Demo","N/A","N/A","N/A","N/A","Pet Roc Games","Room ??? (First Exposure Playtest Hall)","N/A","N/A",1,"422146","716104","","2025-07-14","",""
"Parks & Potions","Standalone","Demo","N/A","N/A","N/A","N/A","Moon Saga Workshop","Room ??? (First Exposure Playtest Hall)","N/A","N/A",2,"414927","702675","","2025-00-00","",""
"Captain Obvious","Standalone","For Sale","USD",20,"N/A","N/A","Lucky Duck Games","157","N/A","N/A",29,"423533","718550","","2024-09-00","",""
"Quartz: The Dice Game","Standalone","For Sale","USD",25,"N/A","N/A","Lucky Duck Games","157","N/A","N/A",107,"357989","717783","","2024-08-00","",""
"Tranquility: The Ascent","Standalone","For Sale","USD",15,"N/A","N/A","Lucky Duck Games","157","N/A","N/A",43,"334717","556894","","2024-09-00","",""
"Nestlings","Standalone","For Sale","USD",40,"N/A","N/A","Tangerine Games","157 (Lucky Duck Games)","N/A","N/A",72,"359157","604168","","2024-08-00","",""
"Gems of Iridescia","Standalone","Demo","N/A","N/A","N/A","N/A","Rock, Stone & Dice Games","(see listing)","N/A","N/A",33,"396375","673712","","2025-00-00","Q1 2025",""
"SUMO","Standalone","For Sale","USD",15,"N/A","N/A","Bright Eye Games","1553 (Dara Studios)","N/A","N/A",39,"406257","716056","SUM001","2024-10-00","",""
"Tokkuri Taking","Standalone","For Sale","USD",15,"N/A","N/A","Bright Eye Games","1553 (Dara Studios)","N/A","N/A",26,"419045","716057","TOT001","2024-10-00","",""
"Ponzi Scheme","Standalone","For Sale","USD",35,"N/A","N/A","Bright Eye Games","1553 (Dara Studios)","N/A","N/A",25,"180899","674308","PON001","2024-10-00","",""
"Battle Dentale","Standalone","For Sale","USD",25,"N/A","N/A","Bright Eye Games","1553 (Dara Studios)","N/A","N/A",17,"391341","665928","BAD001","2024-10-00","",""
"The Plot Thickens: Adventure Edition","Standalone","For Sale","USD",25,"N/A","N/A","Bright Eye Games","1553 (Dara Studios)","N/A","N/A",10,"421550","714834","TPT004","2024-07-00","",""
"Metrorunner","Standalone","For Sale","USD",60,"N/A","N/A","Thunderworks Games","1363","N/A","N/A",72,"406329","689521","TWK1050","2024-09-00","Q3 2024",""
"Stonespine Architects","Standalone","For Sale","USD",45,"N/A","N/A","Thunderworks Games","1363","N/A","N/A",134,"387514","659676","TWK4100","2024-03-00","",""
"Citizens of the Spark","Standalone","Demo","N/A","N/A","N/A","N/A","Thunderworks Games","1363","N/A","N/A",46,"415465","703627","TWK1200","2025-00-00","",""
"Space Lion: Divide and Conquer","Standalone","For Sale","USD",30,"N/A","N/A","Solis Game Studio","3028","N/A","N/A",16,"356198","598521","","2024-02-01","",""
"The Massive-Verse Fighting Card Game","Standalone","Demo","N/A","N/A","N/A","N/A","Solis Game Studio","3028","N/A","N/A",13,"396706","674125","","2024-09-25","",""
"Salton Sea","Standalone","For Sale","N/A","N/A","N/A","N/A","Devir","2827","N/A","N/A",149,"402663","702510","BODA 120923","2024-03-00","",""
"Autumn","Standalone","For Sale","N/A","N/A","N/A","N/A","Devir","2827","N/A","N/A",74,"185244","696726","","2024-03-00","",""
"Flash 10","Standalone","For Sale","N/A","N/A","N/A","N/A","Devir","2827","N/A","N/A",46,"146152","687091","","2024-03-00","",""
"España 1936","Standalone","For Sale","N/A","N/A","N/A","N/A","Devir","2827","N/A","N/A",56,"31291","687071","","2024-04-00","",""
"Sand","Standalone","For Sale","N/A","N/A","N/A","N/A","Devir","2827","N/A","N/A",199,"402669","683342","","2024-05-00","",""
"Phantom Fury","Standalone","Demo","N/A","N/A","N/A","N/A","Nuts! Publishing","541 (Ares Games)","N/A","N/A",8,"91010","665556","","2024-08-00","",""
"Barbarian Kingdoms","Standalone","For Sale","USD",50,"N/A","N/A","Jester","541 (Ares Games)","N/A","N/A",12,"360113","605972","","2024-07-15","",""
"Æterna","Standalone","Demo","N/A","N/A","N/A","N/A","Ares Games","541","N/A","N/A",34,"421823","716049","AREU07","2024-11-00","",""
"Altay: Dawn of Civilization","Standalone","Demo","N/A","N/A","N/A","N/A","Ares Games","541","N/A","N/A",80,"334537","556594","ARTG004","2024-11-00","",""
"Builders of Sylvan Dale","Standalone","Demo","N/A","N/A","N/A","N/A","Ares Games","541","N/A","N/A",27,"413548","700600","","2024-00-00","Q4 2024",""
"Viking Route","Standalone","Demo","N/A","N/A","N/A","N/A","Ares Games","541","N/A","N/A",26,"411265","697182","ARTG025","2024-00-00","Q3 2025",""
"The Vale of Eternity","Standalone","For Sale","USD",35,"N/A","N/A","Renegade Game Studios","1619","N/A","N/A",91,"385529","685502","101323","2024-03-22","",""
"Axis & Allies:  Guadalcanal","Standalone","For Sale","USD",60,"N/A","N/A","Renegade Game Studios","1619","N/A","N/A",8,"29259","702621","","2024-04-25","",""
"Power Rangers: Heroes of the Grid – RPM Ranger Pack","Expansion","For Sale","USD",45,"N/A","N/A","Renegade Game Studios","1619","N/A","N/A",6,"416105","704714","","2024-05-14","",""
"Power Rangers: Heroes of the Grid – Arsenal Pack","Expansion","For Sale","USD",45,"N/A","N/A","Renegade Game Studios","1619","N/A","N/A",7,"416106","704716","","2024-05-14","",""
"Stalk Exchange","Standalone","For Sale","USD",50,"N/A","N/A","The Op Games","135","N/A","N/A",65,"416552","705633","","2024-08-00","",""
"Murray the A**hole Frog","Standalone","For Sale","USD",25,"N/A","N/A","Devious Weasel Games","940","N/A","N/A",32,"416494","705527","DWE 7000","2024-08-01","",""
"The Gang","Standalone","For Sale","USD",15,"N/A","N/A","KOSMOS","2619","N/A","N/A",85,"411567","697675","683887","2024-07-00","",""
"Arcs","Standalone","For Sale","USD",60,"N/A","N/A","Leder Games","837","N/A","N/A",523,"359871","605485","LED06000","2024-07-00","",""
"Gnome Hollow","Standalone","For Sale","USD",50,"N/A","N/A","The Op Games","135","N/A","N/A",204,"332885","553828","","2024-08-00","",""
"Harvest","Standalone","For Sale","USD",89,"N/A","N/A","Keymaster Games","2113","N/A","N/A",152,"395623","672697","","2024-00-00","Q3 2024",""
"Sausage Sizzle!","Standalone","For Sale","USD",20,"N/A","N/A","25th Century Games","1233","N/A","N/A",58,"118215","710569","","2024-10-02","",""
"Cosmic Frog: Gluttony Pack","Expansion","For Sale","USD",15,"N/A","N/A","Devious Weasel Games","940","N/A","N/A",32,"419218","710554","DWE5051","2024-08-01","",""
"Cosmic Frog: Devious Pack","Expansion","For Sale","USD",15,"N/A","N/A","Devious Weasel Games","940","N/A","N/A",34,"419217","710553","DWE5001","2024-08-01","",""
"Innovation Ultimate","Standalone","Demo","N/A","N/A","N/A","N/A","Asmadi Games","2555","N/A","N/A",107,"388367","661124","","2024-00-00","Q4 2024",""
"Exit: The Game – The Hunt Through Amsterdam","Standalone","For Sale","USD",18,"N/A","N/A","KOSMOS","2619","N/A","N/A",41,"376478","697482","692882","2024-06-00","",""
"Exit: The Game – The Magical Academy","Standalone","For Sale","USD",18,"N/A","N/A","KOSMOS","2619","N/A","N/A",40,"376477","697473","692883","2024-06-00","",""
"Exit: The Game – Kids: Riddles in Monsterville","Standalone","For Sale","USD",18,"N/A","N/A","KOSMOS","2619","N/A","N/A",37,"376479","697664","692868","2024-06-00","",""
"Masters of Crime: Vendetta","Standalone","For Sale","USD",25,"N/A","N/A","KOSMOS","2619","N/A","N/A",25,"336791","697659","683825","2024-06-00","",""
"Dodo","Standalone","For Sale","USD",35,"N/A","N/A","KOSMOS","2619","N/A","N/A",33,"295490","697677","","2024-06-00","",""
"Nunatak: Temple of Ice","Standalone","For Sale","USD",40,"N/A","N/A","KOSMOS","2619","N/A","N/A",70,"383158","697667","683801","2024-06-00","",""
"Belratti","Standalone","For Sale","USD",15,"N/A","N/A","KOSMOS","2619","N/A","N/A",47,"259374","697666","683320","2024-06-00","",""
"Exit: The Game – Prison Break","Standalone","For Sale","USD",18,"N/A","N/A","KOSMOS","2619","N/A","N/A",36,"383479","697481","692884","2024-07-00","",""
"10 Days in the USA","Standalone","For Sale","USD",30,"N/A","N/A","The Op Games","135","N/A","N/A",59,"7866","700387","","2024-05-00","",""
"Move Like Me","Standalone","For Sale","USD",15,"N/A","N/A","The Op Games","135","N/A","N/A",18,"420088","712184","","2024-06-00","",""
"HALO: Mission Command","Standalone","Demo","N/A","N/A","N/A","N/A","Upper Deck Entertainment","1205","N/A","N/A",12,"424000","719390","UDC 36049","2024-09-30","",""
"Speed Colors","Standalone","For Sale","USD",15,"N/A","N/A","Friendly Skeleton","2343","N/A","N/A",9,"231045","687743","","2024-07-05","",""
"Flickering Stars","Standalone","Demo","N/A","N/A","N/A","N/A","Friendly Skeleton","2343","N/A","N/A",23,"419960","711917","","2024-11-00","",""
"NEXUS: Legacy Edition Rulebook","Expansion","For Sale","USD",50,"N/A","N/A","D-Verse Publishing, LLC","1635","N/A","N/A",5,"394757","671483","","0000-00-00","Q2 2024",""
"Divinity Original Sin: Nemesis Expansion","Expansion","For Sale","USD",50,"N/A","N/A","Larian Studios","2811","N/A","N/A",8,"409575","694631","","0000-00-00","",""
"Divinity Original Sin: Haunted Keep Expansion","Expansion","For Sale","USD",50,"N/A","N/A","Larian Studios","2811","N/A","N/A",10,"409577","694633","","0000-00-00","",""
"Divinity Original Sin: Nightmare Dungeon Expansion","Expansion","For Sale","USD",30,"N/A","N/A","Larian Studios","2811","N/A","N/A",9,"411065","696862","","2023-12-00","",""
"Divinity Original Sin: The Board Game","Standalone","For Sale","USD",150,"N/A","N/A","Larian Studios","2811","N/A","N/A",26,"294378","481231","","2023-12-00","",""
"Ozob: A Cyberpunk Board Game","Standalone","Demo","N/A","N/A","N/A","N/A","UaiPiá","2765 (Iron Studios)","N/A","N/A",77,"423579","718634","","0000-00-00","Q4 2024/Q1 2025",""
"Springsign","Standalone","Demo","N/A","N/A","N/A","N/A","The End Games","Stadium : Field : Conspiracy of Gamers : HQ","N/A","N/A",21,"387913","660208","","2024-00-00","",""
"Lovestruck","Standalone","For Sale","USD",25,"N/A","N/A","Rabble","266","N/A","N/A",5,"395306","672205","","2024-08-01","",""
"Sprout","Standalone","Demo","N/A","N/A","N/A","N/A","Rabble","266","N/A","N/A",10,"424885","720908","","0000-00-00","Q2 2025",""
"Catfish","Standalone","Demo","N/A","N/A","N/A","N/A","Rabble","266","N/A","N/A",6,"424881","720904","","0000-00-00","Q1 2025",""
"The Expedition: Wild Space","Standalone","For Sale","USD",12,"N/A","N/A","Lowtek Games LLC","654","N/A","N/A",7,"425026","721209","","2024-08-00","",""
"Epilogue","Standalone","Demo","N/A","N/A","N/A","N/A","Violet Daisy Games LLC","BIPOC Lounge (rooms 240-241)","N/A","N/A",12,"377184","644127","","2025-00-00","Q3 2025",""
"Star Wars: The Deckbuilding Game – Clone Wars Edition","Standalone","For Sale","USD",38,"N/A","N/A","Fantasy Flight Games","","N/A","N/A",27,"422332","716432","SWG02","2024-08-30","",""
"Crash the Party","Standalone","For Sale","N/A","N/A","N/A","N/A","Moose","371","N/A","N/A",1,"425292","721680","91542","2024-07-15","",""
"Wild Flowers","Standalone","For Sale","N/A","N/A","N/A","N/A","Moose","371","N/A","N/A",7,"425283","721670","90993","2024-08-01","",""
"Pickleball Blast!","Standalone","For Sale","N/A","N/A","N/A","N/A","Moose","371","N/A","N/A",4,"425646","722290","","2024-07-00","",""
"Epic Spell Wars of the Battle Wizards: Annihilageddon 3 – Satanic Panic","Standalone","For Sale","N/A","N/A","N/A","N/A","Cryptozoic Entertainment","801","N/A","N/A",3,"378172","645890","","2024-08-01","",""
"BANG! Dice Explosion","Standalone","For Sale","N/A","N/A","N/A","N/A","DV Games","2109","N/A","N/A",22,"422159","716125","DVG9133","2024-10-30","",""
"Alpha Clash: Unrivaled","Expansion","For Sale","N/A","N/A","N/A","N/A","Rising Empire Studios","2857","N/A","N/A",3,"421569","714865","","2024-05-31","",""
"A Bunch of Fun Guys","Standalone","For Sale","USD",15,"N/A","N/A","Gamewright","1807","N/A","N/A",23,"422334","716434","124","2024-08-01","",""
"Let's Go! To Japan","Standalone","For Sale","USD",50,"N/A","N/A","Alderac Entertainment Group","403","N/A","N/A",355,"368173","626412","","2024-05-10","",""
"Cubitos: Fowl Play","Expansion","For Sale","USD",40,"N/A","N/A","Alderac Entertainment Group","403","N/A","N/A",148,"388568","661457","AEG 1016","2024-06-28","",""
"Space Base: Genesis","Expansion","For Sale","USD",30,"N/A","N/A","Alderac Entertainment Group","403","N/A","N/A",158,"388569","661458","AEG 1017","2024-06-28","",""
"Tiny Towns: Architects","Expansion","For Sale","USD",30,"N/A","N/A","Alderac Entertainment Group","403","N/A","N/A",112,"388566","661455","AEG 1018","2024-06-28","",""
"War Chest: Nightfall","Expansion","For Sale","USD",30,"N/A","N/A","Alderac Entertainment Group","403","N/A","N/A",96,"388565","661454","AEG 1019","2024-06-28","",""
"Undergrove","Standalone","For Sale","USD",50,"N/A","N/A","Alderac Entertainment Group","403","N/A","N/A",254,"376740","643440","","2024-09-06","",""
"Misfit Heroes","Standalone","Demo","N/A","N/A","N/A","N/A","Alderac Entertainment Group","403","N/A","N/A",26,"421570","714867","","2025-10-00","",""
"16 Candies","Standalone","For Sale","USD",15,"N/A","N/A","Envy Born Games","3058","N/A","N/A",18,"376932","643757","BBO602","2024-05-00","",""
"Confusing Lands","Standalone","For Sale","USD",15,"N/A","N/A","Envy Born Games","3058","N/A","N/A",63,"342200","698439","BBO604","2024-06-00","",""
"Kalahari","Standalone","Demo","N/A","N/A","N/A","N/A","Envy Born Games","3058","N/A","N/A",27,"394438","671083","BBO700","2025-00-00","Q3 2025",""
"Fromage","Standalone","Demo","N/A","N/A","N/A","N/A","Road To Infamy Games (R2i Games)","809, 821, 929, 1109 (Asmodee)","N/A","N/A",267,"384213","656261","","2024-00-00","Q3 2024",""
"Ironwood","Standalone","Demo","N/A","N/A","N/A","N/A","Mindclash Games","365","N/A","N/A",74,"407343","691232","","2024-11-00","",""
"Perseverance: Castaway Chronicles – Episodes 3 & 4","Standalone","Demo","N/A","N/A","N/A","N/A","Mindclash Games","365","N/A","N/A",52,"387849","660121","","2025-00-00","",""
"Septima","Standalone","For Sale","N/A","N/A","N/A","N/A","Mindclash Games","365","N/A","N/A",130,"360692","700429","","2023-11-00","",""
"Voidfall","Standalone","For Sale","N/A","N/A","N/A","N/A","Mindclash Games","365","N/A","N/A",158,"337627","681448","","2023-11-00","",""
"This Bed Is Mine","Standalone","For Sale","USD",22,"N/A","N/A","Broadway Toys LTD","169","N/A","N/A",17,"412116","711025","","2024-08-00","",""
"Lifeboats: Plank of Carneades","Standalone","For Sale","USD",30,"N/A","N/A","Broadway Toys LTD","169","N/A","N/A",23,"412230","698652","","2024-08-00","",""
"Moving Wild","Standalone","For Sale","N/A","N/A","N/A","N/A","Oink Games","2135","N/A","N/A",46,"423270","718054","","2024-05-02","",""
"Biomos","Standalone","For Sale","USD",30,"N/A","N/A","NorthStar Game Studio","2527","N/A","N/A",120,"362700","711506","","2024-08-01","",""
"Sacred Valley","Standalone","For Sale","USD",40,"N/A","N/A","NorthStar Game Studio","2527","N/A","N/A",75,"391162","711507","","2024-08-00","",""
"Nature","Standalone","Demo","N/A","N/A","N/A","N/A","NorthStar Game Studio","2527","N/A","N/A",250,"330152","549334","","2025-00-00","",""
"Maps of Misterra","Standalone","For Sale","USD",35,"N/A","N/A","Sit Down!","1321-demos / 1429-sales (Flat River Group)","N/A","N/A",27,"373190","698941","MIS/01/2023/10/EN/SD","2024-01-05","",""
"Redwood","Standalone","For Sale","USD",65,"N/A","N/A","Sit Down!","1321-demos / 1429-sales (Flat River Group)","N/A","N/A",47,"359962","707578","LUMSDO013","2024-04-05","",""
"Open Season","Standalone","For Sale","USD",30,"N/A","N/A","Sit Down!","1321-demos / 1429-sales (Flat River Group)","N/A","N/A",25,"391255","665708","","2024-07-19","",""
"Avalon: The Riven Veil","Standalone","Demo","N/A","N/A","N/A","N/A","Shadowborne Games","1641","N/A","N/A",53,"402276","682464","","2025-00-00","",""
"Cyberpunk Edgerunners: Combat Zone","Standalone","Demo","N/A","N/A","N/A","N/A","Monster Fight Club","267","N/A","N/A",23,"418067","708314","","0000-00-00","Q4 2024",""
"An Age Contrived","Standalone","For Sale","USD",80,"N/A","N/A","Bellows Intent","2757","N/A","N/A",43,"357890","601812","BLW01001","2024-05-00","",""
"Patrician: Towers of Influence","Standalone","For Sale","USD",35,"N/A","N/A","Calliope Games","1803","N/A","N/A",19,"392767","668241","CLP144","0000-00-00","Q2 2024",""
"Starship Interstellar","Standalone","For Sale","N/A","N/A","N/A","N/A","Pendragon Game Studio","1738 / 1429-sales (Flat River Group)","N/A","N/A",13,"334827","557065","PG921","2024-04-05","",""
"Escape from New York","Standalone","For Sale","N/A","N/A","N/A","N/A","Pendragon Game Studio","1738 / 1429-sales (Flat River Group)","N/A","N/A",39,"362723","614367","PG930","2024-07-19","",""
"Talisman: The Magical Quest Game – 5th Edition","Standalone","For Sale","N/A","N/A","N/A","N/A","Avalon Hill","","N/A","N/A",16,"415550","703755","F6652","2024-07-08","",""
"Talisman Alliances: Fate Beckons","Expansion","Demo","N/A","N/A","N/A","N/A","Avalon Hill","","N/A","N/A",13,"422406","716536","","2024-10-01","",""
"HeroQuest: First Light","Standalone","Demo","N/A","N/A","N/A","N/A","Avalon Hill","","N/A","N/A",14,"423561","718589","","2024-00-00","",""
"HeroQuest: Jungles of Delthrak","Expansion","Demo","N/A","N/A","N/A","N/A","Avalon Hill","","N/A","N/A",15,"422344","716450","","2024-09-04","",""
"Life in Reterra","Standalone","For Sale","N/A","N/A","N/A","N/A","Hasbro","","N/A","N/A",35,"415513","703705","","2024-06-15","",""
"Rebel Princess Deluxe Edition: Carmesina","Expansion","For Sale","N/A","N/A","N/A","N/A","Bézier Games","3035","N/A","N/A",21,"423469","718451","","0000-00-00","Q3 2024",""
"Rolling Realms Redux","Standalone","For Sale","USD",30,"N/A","N/A","Stonemaier Games","2909 (Meeple Source)","N/A","N/A",57,"393892","670066","","2024-09-06","",""
"Mycelia","Standalone","For Sale","USD",55,"N/A","N/A","Burnt Island Games","2004","N/A","N/A",126,"378476","646452","","2024-00-00","Q4 2024",""
"River Valley Glassworks","Standalone","For Sale","USD",39,"N/A","N/A","Allplay","2647","N/A","N/A",217,"407297","691154","","2024-00-00","Q3 2024",""
"Lure","Standalone","For Sale","USD",19,"N/A","N/A","Allplay","2647","N/A","N/A",125,"415780","704166","","2024-10-21","",""
"Things in Rings","Standalone","For Sale","USD",19,"N/A","N/A","Allplay","2647","N/A","N/A",86,"408547","693114","","2024-07-19","",""
"Panda Panda","Standalone","For Sale","USD",10,"N/A","N/A","Allplay","2647","N/A","N/A",55,"408542","693102","","2024-00-00","Q2 2024",""
"Fairy","Standalone","For Sale","USD",10,"N/A","N/A","Allplay","2647","N/A","N/A",53,"408545","693107","","2024-00-00","Q2 2024",""
"Kinfire Delve: Scorn's Stockade","Standalone","For Sale","USD",20,"N/A","N/A","Incredible Dream Studios","2955","N/A","N/A",88,"404538","686620","","2024-04-02","",""
"Kinfire Delve: Callous' Lab","Standalone","For Sale","USD",20,"N/A","N/A","Incredible Dream Studios","2955","N/A","N/A",87,"406174","689279","","2024-08-00","",""
"A Gentle Rain","Standalone","For Sale","USD",20,"N/A","N/A","Incredible Dream Studios","2955","N/A","N/A",108,"334011","683640","","2024-05-28","",""
"Kinfire Council","Standalone","Demo","N/A","N/A","N/A","N/A","Incredible Dream Studios","2955","N/A","N/A",51,"411894","698154","","2025-00-00","",""
"Survive The Island","Standalone","Demo","N/A","N/A","N/A","N/A","Zygomatic","809, 821, 929, 1109 (Asmodee)","N/A","N/A",9,"425428","721906","ZYGSTI01EN","2024-09-00","",""
"Intarsia","Standalone","For Sale","USD",60,"N/A","N/A","Pegasus Spiele","2201","N/A","N/A",14,"422126","719713","","2024-09-00","",""
"Witness: On the Trail of the Chameleon","Standalone","For Sale","USD",20,"N/A","N/A","Pegasus Spiele","2201","N/A","N/A",7,"422120","717577","57817E","2024-08-00","",""
"Witness: The Treasure of Othesis","Standalone","For Sale","USD",20,"N/A","N/A","Pegasus Spiele","2201","N/A","N/A",7,"422121","717579","","2024-08-00","",""
"Witness: The Sigma Club","Standalone","For Sale","USD",20,"N/A","N/A","Pegasus Spiele","2201","N/A","N/A",7,"422123","717578","57819E","2024-08-00","",""
"Triqueta: Hidden Wolves","Expansion","For Sale","USD",15,"N/A","N/A","Pegasus Spiele","2201","N/A","N/A",7,"401122","722156","PNA57815.USA","2024-08-00","",""
"Lumicora","Standalone","For Sale","USD",45,"N/A","N/A","Pegasus Spiele","2201","N/A","N/A",7,"413299","700229","57816G","2024-06-00","",""
"Civolution","Standalone","Demo","N/A","N/A","N/A","N/A","Pegasus Spiele","2201","N/A","N/A",32,"400602","679554","","2024-00-00","Q4 2024",""
"Dead By Daylight: The Board Game – Malicious Expansion","Expansion","For Sale","USD",40,"N/A","N/A","Level 99 Games","621","N/A","N/A",2,"419742","711517","","2024-00-00","Q3 2024",""
"Spooktacular","Standalone","Demo","N/A","N/A","N/A","N/A","Level 99 Games","621","N/A","N/A",5,"420931","713736","","2025-00-00","Q2 2025",""
"Oranges & Lemons","Standalone","Demo","N/A","N/A","N/A","N/A","Medusa Games","(see listing)","N/A","N/A",8,"395875","673060","","2024-10-01","",""
"Mage Knight: The Apocalypse Dragon","Expansion","Demo","N/A","N/A","N/A","N/A","WizKids (I)","711","N/A","N/A",47,"416403","705366","87603","2025-02-00","",""
"Warcrow","Standalone","For Sale","USD",79,"N/A","N/A","Corvus Belli","613","N/A","N/A",16,"422735","717126","","2024-08-00","",""
"Warcrow: Winds from the North","Expansion","For Sale","USD",155,"N/A","N/A","Corvus Belli","613","N/A","N/A",14,"422979","717563","","2024-08-00","",""
"Clank!: Catacombs – Lairs and Lost Chambers","Expansion","For Sale","N/A","N/A","N/A","N/A","Dire Wolf","2402","N/A","N/A",161,"422869","717370","","2024-00-00","Q3 2024",""
"Invincible: The Hero-Building Game","Standalone","For Sale","N/A","N/A","N/A","N/A","Dire Wolf","2402","N/A","N/A",81,"396251","673555","","0000-00-00","Q2 2024",""
"Ultimatch","Standalone","For Sale","USD",10,"N/A","N/A","Fireside Games","2434","N/A","N/A",27,"414176","701547","FSD2004","2024-07-00","",""
"Zoomies","Standalone","For Sale","USD",25,"N/A","N/A","Fireside Games","2434","N/A","N/A",33,"421283","714392","FSD1022","2024-08-00","",""
"Video Game Champion","Standalone","For Sale","USD",60,"N/A","N/A","Arcane Wonders","629","N/A","N/A",159,"234432","700873","","2024-10-00","",""
"Kraftwagen: Age of Engineering","Standalone","Demo","N/A","N/A","N/A","N/A","Arcane Wonders","629","N/A","N/A",79,"391124","704087","","2024-09-00","",""
"Super Dice Battle","Standalone","Demo","N/A","N/A","N/A","N/A","Ephyrean Games","560","N/A","N/A",4,"395411","672369","SDB001","2024-00-00","",""
"Time Division","Standalone","For Sale","USD",30,"N/A","N/A","HeidelBÄR Games","ICC rooms 235-239 (Czech Games Edition)","N/A","N/A",14,"391048","665405","HG115E","2024-03-00","",""
"Fish & Katz","Standalone","For Sale","USD",20,"N/A","N/A","HeidelBÄR Games","ICC rooms 235-239 (Czech Games Edition)","N/A","N/A",18,"328536","632809","HG014E","2024-03-00","",""
"Watches and Clocks of Hickory Docks","Standalone","Demo","N/A","N/A","N/A","N/A","Elf Creek Games","2658","N/A","N/A",41,"371235","633097","","2024-00-00","Q4 2024",""
"Charcuterie: The Board Game","Standalone","For Sale","N/A","N/A","N/A","N/A","3WS Games","151","N/A","N/A",58,"360058","605867","","2024-06-00","",""
"Canvas Critters","Standalone","Demo","N/A","N/A","N/A","N/A","3WS Games","151","N/A","N/A",32,"414603","702187","","2025-00-00","Q2 2025",""
"Horror on the Orient Express: The Board Game","Standalone","Demo","N/A","N/A","N/A","N/A","Chaosium","511","N/A","N/A",58,"394897","671684","","2025-08-00","",""
"Burn the Fort","Standalone","For Sale","N/A","N/A","N/A","N/A","Indigenous Action","2853","N/A","N/A",33,"393346","669250","","2023-10-01","",""
"Inventions: Evolution of Ideas","Standalone","For Sale","USD",149,"N/A","N/A","Eagle-Gryphon Games","2909 (Meeple Source)","N/A","N/A",54,"347305","580162","","2024-04-00","",""
"Everdell Duo","Standalone","Demo","N/A","N/A","N/A","N/A","Starling Games (II)","1819","N/A","N/A",73,"425005","721159","","0000-00-00","Q4 2024",""
"Courtisans","Standalone","For Sale","USD",25,"N/A","N/A","Pandasaurus Games","215","N/A","N/A",54,"402283","700677","","2024-05-17","",""
"Beacon Patrol: Ships & Shores","Expansion","For Sale","USD",15,"N/A","N/A","Pandasaurus Games","215","N/A","N/A",47,"417618","707472","PANBPEXP02","2024-06-26","",""
"Umbrella","Standalone","For Sale","USD",40,"N/A","N/A","Pandasaurus Games","215","N/A","N/A",26,"402125","698474","","2024-07-26","",""
"Infiltraitors","Standalone","For Sale","USD",18,"N/A","N/A","Pandasaurus Games","215","N/A","N/A",39,"353945","707474","PANINFILCORE","2024-08-00","",""
"Don't Skip Leg Day","Standalone","For Sale","USD",15,"N/A","N/A","Pandasaurus Games","215","N/A","N/A",21,"401767","681656","","2024-08-16","",""
"Finca","Standalone","Demo","N/A","N/A","N/A","N/A","Pandasaurus Games","215","N/A","N/A",74,"261720","707454","PANFINCACORE","2024-09-00","",""
"Boxtop Pinball: Haunted House","Standalone","Demo","N/A","N/A","N/A","N/A","Pandasaurus Games","215","N/A","N/A",40,"417629","707486","PANBTPHH","2024-09-00","",""
"Trio","Standalone","For Sale","USD",15,"N/A","N/A","Happy Camper","2961","N/A","N/A",76,"352515","691125","","2023-11-00","",""
"The Adventures of Conan","Standalone","Demo","N/A","N/A","N/A","N/A","Gale Force Nine, LLC","421","N/A","N/A",23,"414572","702141","CON01","2025-00-00","Q1 2025",""
"Fateforge: Chronicles of Kaan","Standalone","For Sale","USD",89,"N/A","N/A","Mighty Boards","2865","N/A","N/A",104,"363625","616656","","2024-08-01","",""
"Knitting Circle","Standalone","Demo","N/A","N/A","N/A","N/A","Flatout Games","403 (AEG)","N/A","N/A",322,"421606","714916","","2025-00-00","",""
"Nocturne","Standalone","For Sale","USD",40,"N/A","N/A","Flatout Games","403 (AEG)","N/A","N/A",137,"393175","668934","","2024-09-06","",""
"Cascadia: Rolling Rivers","Standalone","For Sale","USD",25,"N/A","N/A","Flatout Games","403 (AEG)","N/A","N/A",189,"407318","691189","","2024-10-04","",""
"Cascadia: Rolling Hills","Standalone","For Sale","USD",25,"N/A","N/A","Flatout Games","403 (AEG)","N/A","N/A",186,"407317","691186","","2024-10-04","",""
"From the Moon","Standalone","For Sale","USD",90,"N/A","N/A","La Boîte de Jeu","2435 / ICC 142 (Hachette Boardgames)","N/A","N/A",93,"353745","592788","","2024-07-00","",""
"Evil Corp.","Standalone","For Sale","USD",50,"N/A","N/A","La Boîte de Jeu","2435 / ICC 142 (Hachette Boardgames)","N/A","N/A",48,"393975","692550","3770004610990","2024-04-17","",""
"Rubber Paper Scissors","Standalone","For Sale","USD",15,"N/A","N/A","Wonderful World Board Games","1356","N/A","N/A",55,"394081","670394","","0000-00-00","Q3 2024",""
"Loco Momo","Standalone","For Sale","USD",25,"N/A","N/A","Wonderful World Board Games","1356","N/A","N/A",66,"317299","522737","","2020-08-00","",""
"Touch It","Standalone","For Sale","USD",10,"N/A","N/A","Wonderful World Board Games","1356","N/A","N/A",49,"360328","714317","","2024-00-00","Q3 2024",""
"Touch It","Standalone","For Sale","USD",10,"N/A","N/A","Wonderful World Board Games","1356","N/A","N/A",43,"360328","714315","","2024-00-00","Q3 2024",""
"Dead Reckoning: Port of Call","Expansion","Demo","N/A","N/A","N/A","N/A","Alderac Entertainment Group","403","N/A","N/A",78,"422346","716454","","2025-08-00","",""
"Spectacular","Standalone","For Sale","USD",35,"N/A","N/A","Chilifox Games","2211 (Surfin' Meeple)","N/A","N/A",110,"415147","703080","","2024-10-03","",""
"Gardlings","Standalone","For Sale","USD",30,"N/A","N/A","Alion – by Dr Ø","2211 (Surfin' Meeple)","N/A","N/A",40,"416059","704639","","2024-10-03","",""
"Sparks","Standalone","For Sale","USD",55,"N/A","N/A","Alion – by Dr Ø","2211 (Surfin' Meeple)","N/A","N/A",82,"419125","710321","","2024-10-05","",""
"Icing on the Cake","Standalone","For Sale","USD",20,"N/A","N/A","FoxMind","1909","N/A","N/A",9,"386269","0",,,,""
"Marble Garble","Standalone","For Sale","USD",20,"N/A","N/A","FoxMind","1909","N/A","N/A",9,"417486","0",,,,""
"Blast Track","Standalone","For Sale","USD",25,"N/A","N/A","FoxMind","1909","N/A","N/A",12,"417492","0",,,,""
"Lucky Jack","Standalone","For Sale","USD",15,"N/A","N/A","FoxMind","1909","N/A","N/A",8,"344251","708625","30005","2024-04-15","",""
"Alice's Adventures in Wonderland","Standalone","For Sale","USD",20,"N/A","N/A","FoxMind","1909","N/A","N/A",16,"391839","707152","","2024-03-00","",""
"Can of Worms","Standalone","For Sale","USD",18,"N/A","N/A","FoxMind","1909","N/A","N/A",11,"417472","707249","10005","2024-03-00","",""
"Robinson Crusoe: Adventures on the Cursed Island","Standalone","For Sale","USD",100,"N/A","N/A","Portal Games","321","N/A","N/A",177,"121921","554461","","2024-07-18","",""
"Windmill Valley","Standalone","For Sale","USD",60,"N/A","N/A","Board&Dice","2611","N/A","N/A",353,"403441","684931","","2024-05-31","",""
"Barcelona: Passeig de Gràcia","Expansion","For Sale","USD",20,"N/A","N/A","Board&Dice","2611","N/A","N/A",164,"415314","703401","","2024-08-01","",""
"The Binding of Isaac: Four Souls – 6th Anniversary Edmund Booster Pack","Standalone","For Sale","N/A","N/A","N/A","N/A","Maestro Media","1454","N/A","N/A",11,"421662","715065","","2024-07-05","",""
"The Binding of Isaac: Four Souls – 6th Anniversary Alt Art Booster Pack","Standalone","For Sale","N/A","N/A","N/A","N/A","Maestro Media","1454","N/A","N/A",10,"421829","715480","","2024-07-00","",""
"The Binding of Isaac: Four Souls – 6th Anniversary Community Booster Pack","Standalone","For Sale","N/A","N/A","N/A","N/A","Maestro Media","1454","N/A","N/A",8,"421828","715479","","2024-08-00","",""
"Phantom Ink: Arcana","Standalone","Demo","N/A","N/A","N/A","N/A","Resonym","1913","N/A","N/A",30,"421873","715571","INKA01RES","0000-00-00","Q1 2025",""
"Jinxx","Standalone","For Sale","USD",22,"N/A","N/A","Looney Labs","100","N/A","N/A",16,"419612","711269","LOO-133","2024-05-00","",""
"Chrononauts: The Rest of Row E Expansion","Expansion","For Sale","USD",5,"N/A","N/A","Looney Labs","100","N/A","N/A",5,"413786","700952","LOO-132","2024-05-03","",""
"Sea Dragons","Standalone","For Sale","USD",38,"N/A","N/A","Draco Studios","905","N/A","N/A",301,"374895","699614","DAO-51101","2024-08-15","",""
"Vampire Queen","Standalone","For Sale","USD",15,"N/A","N/A","25th Century Games","1233","N/A","N/A",37,"191073","698491","","2024-09-00","",""
"Jalape-NO!","Standalone","For Sale","USD",15,"N/A","N/A","25th Century Games","1233","N/A","N/A",45,"206","698489","","2024-10-00","",""
"Penguin Party","Standalone","For Sale","USD",15,"N/A","N/A","25th Century Games","1233","N/A","N/A",53,"56933","698490","","2024-10-00","",""
"Run Run Run! (2nd Edition)","Standalone","For Sale","USD",35,"N/A","N/A","25th Century Games","1233","N/A","N/A",30,"418311","708705","","2024-10-00","",""
"Green Team Wins: Holiday Party","Expansion","For Sale","USD",10,"N/A","N/A","25th Century Games","1233","N/A","N/A",64,"419456","711021","","2024-11-00","",""
"Maki Master","Standalone","For Sale","USD",39,"N/A","N/A","Kids Table BG","2004","N/A","N/A",77,"392455","667795","","2024-00-00","Q4 2024",""
"Café Baras","Standalone","For Sale","USD",20,"N/A","N/A","Kids Table BG","2004","N/A","N/A",175,"406498","689884","","2024-00-00","Q4 2024",""
"Lairs","Standalone","Demo","N/A","N/A","N/A","N/A","Kids Table BG","2004","N/A","N/A",78,"404883","687085","","2025-00-00","Q3 2025",""
"Endeavor: Deep Sea","Standalone","For Sale","USD",55,"N/A","N/A","Burnt Island Games","2004","N/A","N/A",330,"367966","625976","","2024-00-00","Q4 2024",""
"How to Save a World","Standalone","Demo","N/A","N/A","N/A","N/A","Burnt Island Games","2004","N/A","N/A",128,"406232","689352","","2025-00-00","Q3 2025",""
"ONUS! Traianus","Standalone","For Sale","USD",70,"N/A","N/A","CrowD Games","1553","N/A","N/A",33,"332070","709194","","2024-05-07","",""
"ONUS! Terrain & Fortresses","Expansion","For Sale","USD",35,"N/A","N/A","CrowD Games","1553","N/A","N/A",26,"185837","709195","","2024-05-07","",""
"Vrahode: Age of Prophecy","Standalone","Demo","N/A","N/A","N/A","N/A","Weathervane Games, LLC","632 (Indie Game Alliance)","N/A","N/A",8,"412436","698949","","2025-00-00","",""
"Biomes of Nilgiris","Standalone","Demo","N/A","N/A","N/A","N/A","Bluencore","Room ??? (First Exposure Playtest Hall)","N/A","N/A",43,"393880","670050","","2024-00-00","",""
"Score Cards","Standalone","For Sale","USD",20,"N/A","N/A","R&R Games","ICC : Hall C","N/A","N/A",20,"381639","706214","","2024-05-00","",""
"Little Alchemists","Standalone","For Sale","USD",50,"N/A","N/A","Czech Games Edition","ICC rooms 235-239","N/A","N/A",50,"418812","709673","","2024-08-00","",""
"SETI: Search for Extraterrestrial Intelligence","Standalone","Demo","N/A","N/A","N/A","N/A","Czech Games Edition","ICC rooms 235-239","N/A","N/A",379,"418059","708305","","0000-00-00","Q4 2024",""
"Snatch it!","Standalone","For Sale","USD",18,"N/A","N/A","HeidelBÄR Games","ICC rooms 235-239 (Czech Games Edition)","N/A","N/A",12,"420120","714718","HG116E","2024-00-00","Q3 2024",""
"Ashes Reborn: Red Rains – The Siege of Lordswall","Expansion","For Sale","USD",30,"N/A","N/A","Plaid Hat Games","2221","N/A","N/A",30,"413918","701142","PH1228-5","2024-08-00","",""
"Wandering Galaxy: A Crossroads Game","Standalone","Demo","N/A","N/A","N/A","N/A","Plaid Hat Games","2221","N/A","N/A",96,"414595","702167","PH4000","2024-12-00","",""
"Gaia Project: The Lost Fleet","Expansion","For Sale","USD",50,"N/A","N/A","Capstone Games","1743","N/A","N/A",168,"396802","715251","","2024-00-00","Q4 2024",""
"Streamer Standoff","Standalone","For Sale","N/A","N/A","N/A","N/A","Maestro Media","1454","N/A","N/A",13,"411087","696885","SOFF001","2024-07-19","",""
"Hello Kitty: Day at the Park","Standalone","Demo","N/A","N/A","N/A","N/A","Maestro Media","1454","N/A","N/A",19,"387917","660212","HKDP001","2024-11-01","",""
"Sally Face: Strange Nightmares","Standalone","Demo","N/A","N/A","N/A","N/A","Maestro Media","1454","N/A","N/A",17,"366071","622015","SF001","2024-11-00","",""
"The Smurfs: Hidden Village","Standalone","Demo","N/A","N/A","N/A","N/A","Maestro Media","1454","N/A","N/A",25,"391191","665598","SMHV001","2024-11-00","",""
"The Mandalorian: Adventures","Standalone","For Sale","USD",50,"N/A","N/A","Unexpected Games","809","N/A","N/A",205,"420077","712148","UG05","2024-08-02","",""
"Galactic Cruise","Standalone","Demo","N/A","N/A","N/A","N/A","Kinson Key Games","632","N/A","N/A",442,"391137","665523","","2024-00-00","Q1 2025",""
"Printing Press","Standalone","For Sale","USD",35,"N/A","N/A","Portal Games","321","N/A","N/A",139,"390606","701150","","2024-03-20","",""
"AI Space Puzzle","Standalone","For Sale","USD",29,"N/A","N/A","Portal Games","321","N/A","N/A",197,"383064","701169","","2024-08-00","",""
"Robinson Crusoe: Adventures on the Cursed Island – The Book of Adventures","Expansion","For Sale","USD",35,"N/A","N/A","Portal Games","321","N/A","N/A",129,"299441","490030","","2024-07-18","",""
"March of the Ants: Evolved Edition","Standalone","Demo","N/A","N/A","N/A","N/A","Weird City Games","2956","N/A","N/A",97,"416079","704682","","2025-00-00","Q2 2025",""
"Mind Map","Standalone","For Sale","USD",22,"N/A","N/A","Funnyfox","2435 (Hachette Boardgames)","N/A","N/A",32,"401409","681078","","2024-04-05","",""
"Pass Pass","Standalone","For Sale","USD",15,"N/A","N/A","Funnyfox","2435 (Hachette Boardgames)","N/A","N/A",34,"378616","646769","","2023-06-09","",""
"Middle Ages","Standalone","For Sale","USD",35,"N/A","N/A","Studio H","2435 (Hachette Boardgames)","N/A","N/A",175,"403754","685432","","2024-07-24","",""
"Vampire Village","Standalone","For Sale","USD",25,"N/A","N/A","Studio H","2435 (Hachette Boardgames)","N/A","N/A",40,"403528","685098","","2024-03-27","",""
"In the Footsteps of Marie Curie","Standalone","Demo","N/A","N/A","N/A","N/A","Sorry We Are French","ICC 142 (Hachette Boardgames)","N/A","N/A",134,"408770","693577","","2024-09-18","",""
"Seaside","Standalone","For Sale","USD",30,"N/A","N/A","Randolph","2435 (Hachette Boardgames)","N/A","N/A",88,"406660","690171","RANLIT01EN","2024-06-26","",""
"NOW!","Standalone","For Sale","USD",15,"N/A","N/A","Randolph","2435 (Hachette Boardgames)","N/A","N/A",34,"408320","692749","","2024-04-10","",""
"Super Snipers","Standalone","For Sale","USD",45,"N/A","N/A","Galen's Games","2939","N/A","N/A",19,"351180","587594","","2024-00-00","",""
"Fortify","Standalone","For Sale","USD",35,"N/A","N/A","Barrel Aged Games","2809","N/A","N/A",20,"348944","583321","BRG-02-100","2024-03-00","",""
"Star Trek: Into The Unknown – Federation vs. Dominion Core Set","Standalone","Demo","N/A","N/A","N/A","N/A","WizKids (I)","711","N/A","N/A",17,"401076","680451","89850","2024-07-00","Q4 2024",""
"Terminus","Standalone","For Sale","N/A","N/A","N/A","N/A","Inside Up Games","1643","N/A","N/A",72,"350198","585901","IUGO15","2024-08-31","",""
"War Story: Occupied France","Standalone","For Sale","USD",55,"N/A","N/A","Osprey Games","2805","N/A","N/A",54,"408381","692873","","2024-10-00","",""
"Gloomhaven: Buttons & Bugs","Standalone","For Sale","USD",20,"N/A","N/A","Cephalofair Games","355","N/A","N/A",91,"393672","669782","CPH1001","2024-04-00","",""
"Gloomhaven: Second Edition","Standalone","Demo","N/A","N/A","N/A","N/A","Cephalofair Games","355","N/A","N/A",37,"390478","664590","","2024-00-00","",""
"Apex Legends: The Board Game","Standalone","Demo","N/A","N/A","N/A","N/A","Glass Cannon Unplugged","1939","N/A","N/A",18,"380681","650244","","2024-00-00","Q3 2024",""
"Dying Light: The Board Game","Standalone","Demo","N/A","N/A","N/A","N/A","Glass Cannon Unplugged","1939","N/A","N/A",28,"358079","602222","","2025-06-00","",""
"Don't Starve: The Board Game","Standalone","Demo","N/A","N/A","N/A","N/A","Glass Cannon Unplugged","1939","N/A","N/A",53,"418146","708466","","2025-00-00","Q4 2025",""
"Universe of Legends Trading Card Game","Standalone","For Sale","USD",15,"N/A","N/A","UrbanTCG Entertainment","2753","N/A","N/A",7,"422613","716953","","2024-08-30","",""
"Fibonachos","Standalone","For Sale","USD",22,"N/A","N/A","Mind's Vision","1929 / 2029 (Studio 2 Publishing)","N/A","N/A",57,"375659","717762","MVB1004","2024-00-00","Q3 2024",""
"An Age Contrived: Folklore & Pilgrimage","Expansion","Demo","N/A","N/A","N/A","N/A","Bellows Intent","2757","N/A","N/A",19,"423466","718448","BLW01009","2025-00-00","Q3 2025",""
"This Game Is KILLER","Standalone","For Sale","USD",15,"N/A","N/A","Smirk & Dagger Games","429","N/A","N/A",23,"413461","700450","","2024-00-00","",""
"Boop the Halls","Standalone","For Sale","USD",35,"N/A","N/A","Smirk & Dagger Games","429","N/A","N/A",62,"417696","707633","SND 1022","2024-08-00","",""
"HiFi","Standalone","For Sale","USD",40,"N/A","N/A","Smirk & Dagger Games","429","N/A","N/A",129,"349575","701979","","2024-06-00","",""
"Adventure Party: The Role-Playing Party Game","Standalone","For Sale","USD",40,"N/A","N/A","Smirk & Dagger Games","429","N/A","N/A",30,"380106","649258","","2024-02-00","",""
"Neodreams","Standalone","For Sale","USD",35,"N/A","N/A","Hobby World","629","N/A","N/A",41,"379582","648449","","2024-08-00","",""
"Intent to Kill","Standalone","For Sale","USD",35,"N/A","N/A","Hobby World","629","N/A","N/A",37,"409572","694627","","2024-08-00","",""
"Post Office","Standalone","For Sale","USD",20,"N/A","N/A","Hobby World","629","N/A","N/A",38,"407720","691787","","2024-08-00","",""
"Dream Catcher","Standalone","For Sale","USD",30,"N/A","N/A","Magellan","629 (Hobby World)","N/A","N/A",14,"404264","686141","","2024-08-00","",""
"NEON","Standalone","For Sale","USD",50,"N/A","N/A","Hobby World","629","N/A","N/A",28,"386508","682027","","2024-08-00","",""
"Inori","Standalone","For Sale","USD",40,"N/A","N/A","Space Cowboys","809 (Asmodee)","N/A","N/A",18,"415938","718880","","2024-09-27","",""
"Fairy Ring","Standalone","For Sale","USD",35,"N/A","N/A","Repos Production","809 (Asmodee)","N/A","N/A",10,"419074","710194","","2024-09-13","",""
"Tree Society","Standalone","For Sale","USD",35,"N/A","N/A","Next Move Games","809 (Asmodee)","N/A","N/A",19,"423698","718843","","2024-10-04","",""
"Western Legends Stories","Standalone","Demo","N/A","N/A","N/A","N/A","Kolossal Games","2211 (Surfin' Meeple)","N/A","N/A",16,"420894","713683","","2025-00-00","",""
"Button Kingdoms","Standalone","Demo","N/A","N/A","N/A","N/A","Around the Stump Games LLC","632 (Indie Game Alliance)","N/A","N/A",12,"411932","698202","","0000-00-00","Q4 2025",""
"Prestige: A City Building Game","Standalone","Demo","N/A","N/A","N/A","N/A","Kingdoms of the Earth","2860 (New Kingdom Gaming)","N/A","N/A",7,"368678","627434","","2024-12-00","",""
"Buru","Standalone","For Sale","N/A","N/A","N/A","N/A","Crafty Games","1217","N/A","N/A",15,"316312","520733","CFG16001","2024-02-28","",""
"Buru: Ambelau","Expansion","For Sale","N/A","N/A","N/A","N/A","Crafty Games","1217","N/A","N/A",8,"329675","548365","CFG16002","2024-02-28","",""
"Sardegna","Standalone","For Sale","N/A","N/A","N/A","N/A","Crafty Games","1217","N/A","N/A",16,"15600","705103","","2024-00-00","Q3 2024",""
"Tabriz","Standalone","Demo","N/A","N/A","N/A","N/A","Crafty Games","1217","N/A","N/A",22,"349369","584157","CFG15007","2024-00-00","Q4 2024",""
"Ship Show","Standalone","For Sale","USD",30,"N/A","N/A","Ultra PRO","701","N/A","N/A",7,"424272","719851","11233","2024-08-01","",""
"Very Bad Lands: T-Rex","Standalone","Demo","N/A","N/A","N/A","N/A","Randolph","2435 (Hachette Boardgames)","N/A","N/A",21,"422693","717059","RANVBLTR01EN","0000-00-00","Q4 2024",""
"Very Bad Lands: Brachio","Standalone","Demo","N/A","N/A","N/A","N/A","Randolph","2435 (Hachette Boardgames)","N/A","N/A",26,"422692","717057","RANVBLB01EN","0000-00-00","Q4 2024",""
"Link City","Standalone","For Sale","USD",25,"N/A","N/A","Blue Orange Games","1901","N/A","N/A",13,"421199","717709","09086","2024-00-00","",""
"Shadow House: Masquerade","Standalone","For Sale","USD",14,"N/A","N/A","Blue Orange Games","1901","N/A","N/A",11,"400268","720734","09088","2024-08-00","",""
"Next Station: Paris","Standalone","For Sale","USD",20,"N/A","N/A","Blue Orange Games","1901","N/A","N/A",37,"403116","684149","","2024-08-00","",""
"Skyrockets: Festivals of Fire","Standalone","For Sale","USD",30,"N/A","N/A","Floodgate Games","439","N/A","N/A",22,"398684","676887","FGG-SKY","2024-01-00","",""
"Tumball","Standalone","For Sale","N/A","N/A","N/A","N/A","Blue Orange Games","1901","N/A","N/A",5,"264259","720882","09084","2024-00-00","",""
"Slingz","Standalone","For Sale","N/A","N/A","N/A","N/A","Blue Orange Games","1901","N/A","N/A",6,"419421","710933","09082","2024-04-00","",""
"Red Lolly Yellow Lolly","Standalone","For Sale","N/A","N/A","N/A","N/A","Blue Orange Games","1901","N/A","N/A",2,"424869","720883","09078","2024-00-00","",""
"Dodos Riding Dinos: Dodo Dash","Standalone","For Sale","USD",50,"N/A","N/A","Draco Studios","905","N/A","N/A",106,"363278","615641","","2024-03-01","",""
"Cosmic Cow Collectors","Standalone","For Sale","USD",25,"N/A","N/A","Draco Studios","905","N/A","N/A",75,"274784","448447","","2024-03-01","",""
"Pátzcuaro","Standalone","For Sale","USD",25,"N/A","N/A","Draco Studios","905","N/A","N/A",92,"267010","701398","DAO-18140","2024-03-01","",""
"Neuroriders","Standalone","For Sale","USD",25,"N/A","N/A","Draco Studios","905","N/A","N/A",165,"350992","587235","","2024-03-01","",""
"War For Chicken Island","Standalone","For Sale","USD",70,"N/A","N/A","Draco Studios","905","N/A","N/A",73,"261898","700292","DAO-41102","2024-03-01","",""
"Party Panda Pirates","Standalone","Demo","N/A","N/A","N/A","N/A","Draco Studios","905","N/A","N/A",85,"365119","620128","","2024-12-00","",""
"Dragonbond: Lords of Vaala – Armies of Blood and Dreams","Standalone","Demo","N/A","N/A","N/A","N/A","Draco Studios","905","N/A","N/A",56,"412763","699406","DAO-DB-LOV-103EN","2024-12-00","",""
"Dragonbond: Battles of Valerna","Standalone","Demo","N/A","N/A","N/A","N/A","Draco Studios","905","N/A","N/A",48,"360800","607617","","2024-12-00","",""
"Dodos Riding Dinos: First Race","Standalone","Demo","N/A","N/A","N/A","N/A","Draco Studios","905","N/A","N/A",125,"420975","713810","","0000-00-00","Q2 2025",""
"Forest Shuffle: Alpine Expansion","Expansion","For Sale","USD",13,"N/A","N/A","Lookout Games","809 (Asmodee)","N/A","N/A",230,"412576","699151","LOG0185","2024-06-00","",""
"Gateway Island","Standalone","For Sale","USD",25,"N/A","N/A","Van Ryder Games","2533","N/A","N/A",52,"356999","712716","","2024-08-00","",""
"Garden Guests","Standalone","For Sale","USD",40,"N/A","N/A","Van Ryder Games","2533","N/A","N/A",42,"392825","668317","","2023-12-00","",""
"Final Girl: The North Pole Nightmare","Expansion","For Sale","USD",30,"N/A","N/A","Van Ryder Games","2533","N/A","N/A",77,"401763","681652","","2023-12-00","",""
"Kemet: Rise of the Gods","Expansion","Demo","N/A","N/A","N/A","N/A","Matagot","2211","N/A","N/A",33,"419158","710419","","2025-00-00","Q1 2025",""
"Kyoto no Neko","Standalone","Demo","N/A","N/A","N/A","N/A","Matagot","2211","N/A","N/A",62,"417155","711034","","2024-10-01","",""
"ContraBanter","Standalone","For Sale","USD",20,"N/A","N/A","Skybound Tabletop","2438","N/A","N/A",16,"413085","699902","","2024-06-12","",""
"Creepshow: The Suspense-Building Game","Standalone","For Sale","USD",20,"N/A","N/A","Skybound Tabletop","2438","N/A","N/A",27,"422535","716806","","2024-09-18","",""
"Ultimate Dibs","Standalone","For Sale","USD",20,"N/A","N/A","Skybound Tabletop","2438","N/A","N/A",29,"413411","700385","","2024-11-13","",""
"Mind Up!","Standalone","For Sale","USD",15,"N/A","N/A","Pandasaurus Games","215","N/A","N/A",33,"377515","681000","","2024-03-13","",""
"Faraway","Standalone","For Sale","USD",25,"N/A","N/A","Pandasaurus Games","215","N/A","N/A",144,"385761","680999","","2024-05-00","",""
"Bullet Paw","Expansion","Demo","N/A","N/A","N/A","N/A","Level 99 Games","621","N/A","N/A",6,"404273","686160","L99-BLT04","2024-08-00","",""
"Bullet Palette","Expansion","Demo","N/A","N/A","N/A","N/A","Level 99 Games","621","N/A","N/A",5,"404274","686161","L99-BLT05","2024-08-00","",""
"Gibberers","Standalone","For Sale","USD",20,"N/A","N/A","Hobby Japan","108","N/A","N/A",1,"380109","722533","","2024-00-00","",""
"Black Rose Wars: Duel – Lex","Standalone","For Sale","USD",35,"N/A","N/A","Ludus Magnus Studio","2954","N/A","N/A",6,"395907","673094","","2024-06-00","",""
"Black Rose Wars: Rebirth – Deadly Masks","Expansion","For Sale","USD",30,"N/A","N/A","Ludus Magnus Studio","2954","N/A","N/A",4,"414161","705615","","2024-03-00","",""
"Black Rose Wars: Rebirth – Seal of Fire","Expansion","For Sale","USD",35,"N/A","N/A","Ludus Magnus Studio","2954","N/A","N/A",3,"413560","700630","","2024-03-00","",""
"Black Rose Wars: Rebirth – Jukas","Expansion","For Sale","USD",15,"N/A","N/A","Ludus Magnus Studio","2954","N/A","N/A",4,"413564","700636","","2024-03-00","",""
"Black Rose Wars: Rebirth – Rotas Box","Expansion","For Sale","USD",200,"N/A","N/A","Ludus Magnus Studio","2954","N/A","N/A",3,"412735","699373","","2024-03-00","",""
"Black Rose Wars: Rebirth – Gaea Reborn","Expansion","For Sale","USD",40,"N/A","N/A","Ludus Magnus Studio","2954","N/A","N/A",4,"412689","705620","","2024-03-00","",""
"Black Rose Wars: Rebirth – Apocalypse","Expansion","For Sale","USD",60,"N/A","N/A","Ludus Magnus Studio","2954","N/A","N/A",5,"412687","705618","","2024-03-00","",""
"Expeditions: Gears of Corruption","Expansion","For Sale","USD",30,"N/A","N/A","Stonemaier Games","2909 (Meeple Source)","N/A","N/A",60,"421689","715102","","2024-07-26","",""
"Agree to Disagree","Standalone","For Sale","N/A","N/A","N/A","N/A","Adam's Apple Games, LLC","2469","N/A","N/A",21,"388659","661606","","2024-05-00","",""
"Portals","Standalone","For Sale","USD",45,"N/A","N/A","CrowD Games","1553","N/A","N/A",18,"386168","657525","","2023-11-07","",""
"Tatsumi","Standalone","Demo","N/A","N/A","N/A","N/A","Adam's Apple Games, LLC","2469","N/A","N/A",27,"366089","622033","","2025-00-00","Q3 2025",""
"Defenders of the Dictionary","Standalone","Demo","N/A","N/A","N/A","N/A","Adam's Apple Games, LLC","2469","N/A","N/A",23,"388641","661566","","2024-00-00","Q2 2025",""
"Planet Unknown: Supermoon","Expansion","Demo","N/A","N/A","N/A","N/A","Adam's Apple Games, LLC","2469","N/A","N/A",74,"393509","669469","","2024-00-00","Q3 2024",""
"Lata","Standalone","For Sale","N/A","N/A","N/A","N/A","Mayfair Games","2236","N/A","N/A",10,"374201","719690","MFG 5030","2024-07-00","",""
"Café","Standalone","For Sale","N/A","N/A","N/A","N/A","Mayfair Games","2236","N/A","N/A",21,"284936","719691","MFG 5020","2024-08-01","",""
"Primordial: Creatures of Pandemonium","Standalone","Demo","N/A","N/A","N/A","N/A","IMPOSTER Games","632 (Indie Game Alliance)","N/A","N/A",14,"366544","623147","","2025-00-00","",""
"HIT","Standalone","For Sale","N/A","N/A","N/A","N/A","Ravensburger","2001","N/A","N/A",8,"406706","690271","22456","2024-01-15","",""
"DC Deck-Building Game: Justice League Dark","Standalone","For Sale","N/A","N/A","N/A","N/A","Cryptozoic Entertainment","801","N/A","N/A",3,"394064","705993","","2024-06-00","",""
"DC Deck-Building Game: Rivals – Shazam! vs Black Adam","Standalone","For Sale","N/A","N/A","N/A","N/A","Cryptozoic Entertainment","801","N/A","N/A",3,"393385","669299","","2024-06-00","",""
"Epic Spell Wars of the Battle Wizards: Anarchy at the Arena","Standalone","For Sale","N/A","N/A","N/A","N/A","Cryptozoic Entertainment","801","N/A","N/A",3,"422611","716950","","2024-08-01","",""
"DC Deck-Building Game: Crossover Collection 2","Expansion","For Sale","N/A","N/A","N/A","N/A","Cryptozoic Entertainment","801","N/A","N/A",3,"395668","672769","","2024-08-01","",""
"DC Deck-Building Game: Crisis Collection 2","Expansion","For Sale","N/A","N/A","N/A","N/A","Cryptozoic Entertainment","801","N/A","N/A",4,"394336","670963","","2024-08-01","",""
"Tanto Cuore: Memento Mori – Twilight Manor","Standalone","Demo","N/A","N/A","N/A","N/A","Japanime Games","719","N/A","N/A",5,"373281","636814","JPG006","2024-08-00","",""
"Harrow County: The Game of Gothic Conflict","Standalone","For Sale","USD",60,"N/A","N/A","Off the Page Games","2211 (Surfin' Meeple)","N/A","N/A",17,"360899","607827","","2024-02-00","",""
"Corps of Discovery: A Game Set in the World of Manifest Destiny","Standalone","Demo","N/A","N/A","N/A","N/A","Off the Page Games","2211 (Surfin' Meeple)","N/A","N/A",16,"396895","674442","OTPGMD001","2025-01-00","",""
"Seers Catalog: Lyin' Werewolf Promo Card","Expansion","For Sale","USD",0.0001,"N/A","N/A","Bézier Games","3035","N/A","N/A",10,"425210","721556","","0000-00-00","",""
"Star Wars: Bounty Hunters","Standalone","For Sale","N/A","N/A","N/A","N/A","Zygomatic","809, 821, 929, 1109 (Asmodee)","N/A","N/A",6,"410655","696227","","2024-05-31","",""
"Oh My Pigeons!","Standalone","For Sale","N/A","N/A","N/A","N/A","Ravensburger","2001","N/A","N/A",18,"413435","700417","","2024-08-00","",""
"Warhammer Age of Sigmar: Skaventide","Standalone","For Sale","N/A","N/A","N/A","N/A","Games Workshop Ltd.","2411","N/A","N/A",9,"423697","718839","","2024-07-13","",""
"Ovation","Standalone","For Sale","N/A","N/A","N/A","N/A","Looking Glass Workshop","2838 (Grand Gamers Guild)","N/A","N/A",158,"326264","540681","","2024-00-00","",""
"Digsaw","Standalone","For Sale","USD",25,"N/A","N/A","Stronghold Games","2229","N/A","N/A",18,"412856","699547","","2024-03-07","",""
"Sherlock: The Game Is Afoot","Standalone","For Sale","USD",30,"N/A","N/A","Indie Boards & Cards","2229","N/A","N/A",19,"421328","714482","","0000-00-00","",""
"Impostor Syndrome","Standalone","For Sale","USD",25,"N/A","N/A","Indie Boards & Cards","2229","N/A","N/A",6,"421330","714486","","0000-00-00","",""
"Top Tier","Standalone","For Sale","USD",25,"N/A","N/A","Indie Boards & Cards","2229","N/A","N/A",8,"421395","714596","","2024-07-00","",""
"Astro Knights: Eternity","Standalone","For Sale","USD",50,"N/A","N/A","Indie Boards & Cards","2229","N/A","N/A",34,"386538","658302","","2024-02-21","",""
"Radlands: Cult of Chrome","Expansion","For Sale","USD",13,"N/A","N/A","Roxley","2663","N/A","N/A",97,"422233","716242","ROX905","0000-00-00","Q3 2024",""
"Skyrise","Standalone","For Sale","USD",65,"N/A","N/A","Roxley","2663","N/A","N/A",91,"298231","488022","ROX800","2024-05-15","",""
"Sushi Go! 10th Anniversary Edition","Standalone","For Sale","USD",30,"N/A","N/A","Gamewright","1807","N/A","N/A",46,"424972","721100","","2024-08-01","",""
"Parks: Roll & Hike","Standalone","For Sale","USD",25,"N/A","N/A","Keymaster Games","2113","N/A","N/A",85,"424980","721111","","2024-09-00","",""
"Disney Lorcana: Illumineer's Quest – Deep Trouble","Standalone","For Sale","N/A","N/A","N/A","N/A","Ravensburger","2001","N/A","N/A",11,"421547","714829","","2024-05-17","",""
"Gemstone Caverns","Standalone","For Sale","N/A","N/A","N/A","N/A","ThinkFun","2001 (Ravensburger)","N/A","N/A",8,"409052","693986","","2024-03-00","",""
"Tales of the Arthurian Knights","Standalone","Demo","N/A","N/A","N/A","N/A","WizKids (I)","711","N/A","N/A",56,"377704","645039","","2024-11-00","",""
"Agemonia","Standalone","For Sale","N/A","N/A","N/A","N/A","Lautapelit.fi","2763","N/A","N/A",42,"270871","442152","LPFI 930","2024-01-00","",""
"Eclipse: Second Dawn for the Galaxy – Warped Universe","Expansion","For Sale","N/A","N/A","N/A","N/A","Lautapelit.fi","2763","N/A","N/A",14,"381605","651835","","2024-04-00","",""
"Eclipse: Second Dawn for the Galaxy – Outcasts","Expansion","For Sale","N/A","N/A","N/A","N/A","Lautapelit.fi","2763","N/A","N/A",17,"368378","626861","","2024-04-00","",""
"Eclipse: Second Dawn for the Galaxy – Seekers","Expansion","For Sale","N/A","N/A","N/A","N/A","Lautapelit.fi","2763","N/A","N/A",16,"368377","626860","","2024-04-00","",""
"Aerodome: Rising Horizons","Standalone","For Sale","USD",40,"N/A","N/A","Ephyrean Games","560","N/A","N/A",12,"345194","575987","","2023-12-09","",""
"Honey Buzz: Fall Flavors","Expansion","For Sale","USD",40,"N/A","N/A","Elf Creek Games","2658","N/A","N/A",100,"349725","584987","","2024-07-09","",""
"The Paradox Initiative","Standalone","Demo","N/A","N/A","N/A","N/A","Elf Creek Games","2658","N/A","N/A",39,"332614","553399","","2023-00-00","Q3 2024",""
"Merchants of the Dark Road: Secret Villages","Expansion","Demo","N/A","N/A","N/A","N/A","Elf Creek Games","2658","N/A","N/A",46,"419864","711764","","0000-00-00","Q4 2024",""
"Clans of Midgard","Standalone","For Sale","USD",35,"N/A","N/A","Grey Fox Games","2811","N/A","N/A",26,"382804","654038","","2024-00-00","Q2 2024",""
"Reavers of Midgard: The Card Game","Standalone","For Sale","USD",40,"N/A","N/A","Grey Fox Games","2811","N/A","N/A",18,"394072","670368","","2024-00-00","Q2 2024",""
"Lords of Baseball","Standalone","For Sale","N/A","N/A","N/A","N/A","Mr. B Games","2236","N/A","N/A",41,"97155","95458","","2024-08-00","",""
"Dragons Down","Standalone","Demo","N/A","N/A","N/A","N/A","Mr. B Games","2236","N/A","N/A",33,"351648","588395","","2024-10-00","",""
"Thunder Rolls: The Garage Expansion","Expansion","Demo","N/A","N/A","N/A","N/A","Mr. B Games","2236","N/A","N/A",6,"390146","664016","","2024-09-00","",""
"Spotlight","Standalone","For Sale","USD",25,"N/A","N/A","Horrible Guild","1354","N/A","N/A",19,"420876","713657","","2024-08-01","",""
"Neopets Battledome Trading Card Game","Standalone","For Sale","N/A","N/A","N/A","N/A","Upper Deck Entertainment","1205","N/A","N/A",6,"395813","672945","","2024-06-26","",""
"Cities","Standalone","For Sale","N/A","N/A","N/A","N/A","Devir","2827","N/A","N/A",339,"402676","683350","","2024-07-00","",""
"Rock Hard: 1977","Standalone","For Sale","N/A","N/A","N/A","N/A","Devir","2827","N/A","N/A",565,"402679","683355","","2024-08-00","",""
"Finding Atlantis","Standalone","For Sale","N/A","N/A","N/A","N/A","Synapses Games","1521","N/A","N/A",28,"363699","686453","FA01EN","2024-04-05","",""
"Yokohama","Standalone","For Sale","N/A","N/A","N/A","N/A","Synapses Games","1521","N/A","N/A",178,"196340","681732","YOK01EN","2024-08-16","",""
"Tanuki","Standalone","For Sale","N/A","N/A","N/A","N/A","Synapses Games","1521","N/A","N/A",21,"375923","641933","TAN01EN","2024-02-16","",""
"Alibi: 3 Intricate Mysteries","Standalone","For Sale","N/A","N/A","N/A","N/A","DV Games","2109","N/A","N/A",7,"378953","647449","DVG9056","2024-04-00","",""
"BANG! Legends","Expansion","For Sale","N/A","N/A","N/A","N/A","DV Games","2109","N/A","N/A",15,"401241","680800","","2024-05-00","",""
"Undaunted 2200: Callisto","Standalone","For Sale","USD",85,"N/A","N/A","Osprey Games","2805","N/A","N/A",270,"401978","682029","","2024-09-12","",""
"Sirens","Standalone","For Sale","USD",15,"N/A","N/A","Envy Born Games","3058","N/A","N/A",75,"375616","641364","BBO600","2024-05-00","",""
"Defrag","Standalone","For Sale","USD",15,"N/A","N/A","Envy Born Games","3058","N/A","N/A",47,"376284","642515","BBO601","2024-05-00","",""
"Flutter","Standalone","For Sale","USD",35,"N/A","N/A","Phase Shift Games","271","N/A","N/A",15,"369010","628160","","2024-05-01","",""
"Obelus","Standalone","For Sale","USD",20,"N/A","N/A","Phase Shift Games","271","N/A","N/A",14,"370398","631428","","2024-05-00","",""
"Boblin's Rebellion","Standalone","For Sale","USD",25,"N/A","N/A","Phase Shift Games","271","N/A","N/A",15,"370399","631429","","2024-05-00","",""
"Star Realms Academy","Standalone","For Sale","USD",30,"N/A","N/A","Wacky Wizard Games","2655","N/A","N/A",18,"407812","691890","","2024-00-00","Q3 2024",""
"Captain Flip","Standalone","For Sale","N/A","N/A","N/A","N/A","PlayPunk","1321-demos / 1429-sales (Flat River Group)","N/A","N/A",109,"393325","669201","PPCF38082","2024-03-00","",""
"Medieval Academy","Standalone","Demo","N/A","N/A","N/A","N/A","Blue Cocker Games","1321-demos / 1429-sales (Flat River Group)","N/A","N/A",28,"392448","702511","MA_V2_EN_01","2024-05-03","",""
"Runemasters","Standalone","For Sale","N/A","N/A","N/A","N/A","Funforge","1321-demos / 1429-sales (Flat River Group)","N/A","N/A",24,"391766","666831","RUNUS01","2024-07-05","",""
"Tapas","Standalone","Demo","N/A","N/A","N/A","N/A","Funforge","1321-demos / 1429-sales (Flat River Group)","N/A","N/A",14,"417487","716783","TAPUS01","2024-08-01","",""
"Far Cry: Escape from Rook Islands","Standalone","Demo","N/A","N/A","N/A","N/A","Funforge","1321-demos / 1429-sales (Flat River Group)","N/A","N/A",21,"347935","581536","FCRYUS01","2024-08-01","",""
"Evolution: Another World","Standalone","For Sale","USD",35,"N/A","N/A","CrowD Games","1553","N/A","N/A",52,"381992","652471","","2024-03-01","",""
"It's Obvious","Standalone","For Sale","USD",15,"N/A","N/A","Friendly Skeleton","2343","N/A","N/A",10,"423188","717922","","2024-00-00","",""
"Phase 10 Flip!","Standalone","For Sale","N/A","N/A","N/A","N/A","Mattel, Inc.","1035","N/A","N/A",9,"423153","717864","HYN12","2024-07-00","",""
"UNO Flip Attack","Standalone","For Sale","N/A","N/A","N/A","N/A","Mattel, Inc.","1035","N/A","N/A",5,"423154","717865","HXT54","2024-07-00","",""
"Rock ‘Em Sock ‘Em Robots Fight Cards","Standalone","For Sale","N/A","N/A","N/A","N/A","Mattel, Inc.","1035","N/A","N/A",4,"402339","682551","","2024-01-00","",""
"Bad Interviews by Funemployed","Standalone","For Sale","N/A","N/A","N/A","N/A","Mattel, Inc.","1035","N/A","N/A",4,"423152","717863","HXR37","2024-01-00","",""
"Ghost Fightin' Treasure Hunters: Anniversary Edition","Standalone","For Sale","N/A","N/A","N/A","N/A","Mattel, Inc.","1035","N/A","N/A",40,"422668","718062","","2024-07-00","",""
"Age of Comics: The Golden Years","Standalone","For Sale","N/A","N/A","N/A","N/A","Lirius Games","632 (Indie Game Alliance)","N/A","N/A",83,"349963","585468","","2023-06-00","",""
"Forges of Ravenshire","Standalone","For Sale","USD",70,"N/A","N/A","B.A. Games","2943","N/A","N/A",55,"367833","625673","","2024-08-00","",""
"Dumb Ways to Die Sudden Death","Standalone","For Sale","USD",5,"N/A","N/A","Spin Master Ltd.","2727","N/A","N/A",18,"423085","717749","","2024-08-14","",""
"Comic Hunters","Standalone","For Sale","USD",25,"N/A","N/A","Spin Master Ltd.","2727","N/A","N/A",292,"322616","718462","","2024-08-00","",""
"Nova Roma","Standalone","For Sale","USD",60,"N/A","N/A","25th Century Games","1233","N/A","N/A",105,"370789","632161","TFC46000","2024-04-00","",""
"Águeda: City of Umbrellas","Standalone","For Sale","USD",50,"N/A","N/A","25th Century Games","1233","N/A","N/A",92,"317515","576756","TFC36000","2024-06-12","",""
"Mutton Bustin","Standalone","For Sale","USD",25,"N/A","N/A","25th Century Games","1233","N/A","N/A",27,"387166","659194","","2024-06-26","",""
"Tasso Banana","Standalone","For Sale","USD",20,"N/A","N/A","25th Century Games","1233","N/A","N/A",29,"369256","698487","","2024-07-00","",""
"Mojo","Standalone","For Sale","USD",15,"N/A","N/A","25th Century Games","1233","N/A","N/A",35,"395846","699562","","2024-07-00","",""
"Hamster Roll","Standalone","For Sale","USD",50,"N/A","N/A","25th Century Games","1233","N/A","N/A",65,"903","697378","","2024-08-00","",""
"Circus Flohcati","Standalone","For Sale","USD",15,"N/A","N/A","25th Century Games","1233","N/A","N/A",92,"337","698488","","2024-08-00","",""
"Witchcraft!","Standalone","For Sale","USD",25,"N/A","N/A","25th Century Games","1233","N/A","N/A",252,"383499","698486","","2024-08-00","",""
"Jekyll & Hyde vs Scotland Yard","Standalone","For Sale","USD",25,"N/A","N/A","25th Century Games","1233","N/A","N/A",154,"377793","683663","","2024-08-00","",""
"Dracula vs Van Helsing","Standalone","For Sale","USD",30,"N/A","N/A","25th Century Games","1233","N/A","N/A",105,"381278","683664","","2024-09-00","",""
"Floresta","Standalone","Demo","N/A","N/A","N/A","N/A","Arcane Wonders","629","N/A","N/A",44,"401501","718499","","2024-10-00","",""
"Mistwind","Standalone","For Sale","USD",90,"N/A","N/A","First Fish Games","836","N/A","N/A",81,"366251","622507","","2024-09-01","Q3 2024",""
"Happy Home","Standalone","For Sale","USD",25,"N/A","N/A","Alley Cat Games","2052","N/A","N/A",54,"419997","711983","","2024-06-01","",""
"FateFlip: Washed Ashore","Standalone","For Sale","USD",15,"N/A","N/A","Alley Cat Games","2052","N/A","N/A",26,"401493","681205","","2024-06-01","",""
"Pusheen: The Stacking Game!","Standalone","For Sale","USD",16,"N/A","N/A","Alley Cat Games","2052","N/A","N/A",20,"422690","717055","","2024-06-01","",""
"Tinderblox: Storm Edition","Standalone","For Sale","USD",21,"N/A","N/A","Alley Cat Games","2052","N/A","N/A",35,"422436","716624","","2024-05-00","",""
"Ada's Dream","Standalone","Demo","N/A","N/A","N/A","N/A","Alley Cat Games","2052","N/A","N/A",102,"413469","700462","","2024-10-00","",""
"Landmarks","Standalone","For Sale","USD",25,"N/A","N/A","Floodgate Games","439","N/A","N/A",126,"421374","714567","FGGLM","2024-08-20","",""
"Décorum: Movin' Out","Expansion","For Sale","USD",20,"N/A","N/A","Floodgate Games","439","N/A","N/A",38,"411430","697503","","2024-04-00","",""
"Hedge Mage","Standalone","Demo","N/A","N/A","N/A","N/A","Floodgate Games","439","N/A","N/A",56,"420089","712185","FGG-HM","2025-00-00","Q1 2025",""
"Blank Slate: Challenge","Standalone","For Sale","USD",15,"N/A","N/A","The Op Games","135","N/A","N/A",26,"420090","712186","","2024-07-18","",""
"DaDaDa","Standalone","For Sale","USD",15,"N/A","N/A","The Op Games","135","N/A","N/A",35,"420091","712187","","2024-07-16","",""
"Flip 7","Standalone","For Sale","USD",14,"N/A","N/A","The Op Games","135","N/A","N/A",31,"420087","712179","","2024-08-25","",""
"Wonky","Standalone","For Sale","USD",20,"N/A","N/A","The Op Games","135","N/A","N/A",18,"179217","712190","","2024-08-00","",""
"Words of a Feather","Standalone","For Sale","N/A","N/A","N/A","N/A","Turn Sideways Games","2838 (Grand Gamers Guild)","N/A","N/A",97,"312619","513705","","2024-00-00","",""
"The Fog: Escape from Paradise","Standalone","For Sale","N/A","N/A","N/A","N/A","XOLLOX Games","2838 (Grand Gamers Guild)","N/A","N/A",139,"298086","487836","FGXXSTEG1","2024-06-00","",""
"Endangered: American Red Wolf Scenario","Expansion","For Sale","N/A","N/A","N/A","N/A","Grand Gamers Guild","2838","N/A","N/A",263,"400212","678982","GGDEG14","2024-07-10","",""
"Endangered Rescue! #1: Galápagos Penguins","Standalone","For Sale","N/A","N/A","N/A","N/A","Grand Gamers Guild","2838","N/A","N/A",250,"401158","680625","GGDER01","2024-07-10","",""
"Tír na nÓg","Standalone","For Sale","N/A","N/A","N/A","N/A","Grand Gamers Guild","2838","N/A","N/A",431,"343433","572843","","2024-07-24","",""
"La Familia Hort","Standalone","For Sale","N/A","N/A","N/A","N/A","Grand Gamers Guild","2838","N/A","N/A",213,"319736","650876","","2024-06-00","",""
"Frozen Frontier","Standalone","For Sale","USD",130,"N/A","N/A","Arcane Wonders","629","N/A","N/A",74,"302892","496338","","2024-08-00","",""
"Mezen","Standalone","For Sale","USD",40,"N/A","N/A","Arcane Wonders","629","N/A","N/A",55,"380183","697720","","2024-09-00","",""
"ito","Standalone","Demo","N/A","N/A","N/A","N/A","Arcane Wonders","629","N/A","N/A",84,"327778","713041","","2024-10-00","",""
"Buffet Boss","Standalone","Demo","N/A","N/A","N/A","N/A","Arcane Wonders","629","N/A","N/A",45,"371055","713048","","2024-12-00","",""
"Hold Your Ground","Standalone","For Sale","USD",25,"N/A","N/A","Buffalo Games","1807","N/A","N/A",16,"422331","716431","569","2024-08-01","",""
"A Midsummer Night's Fayre","Standalone","For Sale","USD",20,"N/A","N/A","Gamewright","1807","N/A","N/A",57,"422329","716429","126","2024-08-01","",""
"Ziggurat","Standalone","For Sale","N/A","N/A","N/A","N/A","MindWare","","N/A","N/A",73,"415197","703144","","2024-09-01","",""
"Lost in Adventure: The Labyrinth","Standalone","For Sale","N/A","N/A","N/A","N/A","DV Games","2109","N/A","N/A",22,"422178","716156","DVG9063","2024-00-00","",""
"Bonsai: Wabi Sabi","Expansion","Demo","N/A","N/A","N/A","N/A","DV Games","2109","N/A","N/A",71,"422336","716438","","2024-00-00","",""
"Until Proven Guilty: The Starry Sky Necklace","Standalone","For Sale","N/A","N/A","N/A","N/A","DV Games","2109","N/A","N/A",17,"422181","716160","DVG9060","2024-00-00","",""
"Chucky","Standalone","For Sale","N/A","N/A","N/A","N/A","Trick or Treat Studios","1161","N/A","N/A",20,"405696","688473","TPQCPB01","2024-03-00","",""
"Gold West","Standalone","For Sale","N/A","N/A","N/A","N/A","Trick or Treat Studios","1161","N/A","N/A",36,"154086","649807","","2024-03-00","",""
"LA-1","Standalone","Demo","N/A","N/A","N/A","N/A","Trick or Treat Studios","1161","N/A","N/A",18,"367897","625867","","2025-00-00","Q3 2025",""
"Aqua","Standalone","For Sale","N/A","N/A","N/A","N/A","Sunrise Tornado Game Studio","2563 (Dead Alive Games)","N/A","N/A",14,"405924","688899","","0000-00-00","Q3 2024",""
"Park Life: People","Standalone","For Sale","USD",25,"N/A","N/A","Charming Games Collective","2960","N/A","N/A",27,"414944","714085","UWU01003","2024-00-00","Q4 2024",""
"Park Life: Hedgehog","Standalone","For Sale","USD",25,"N/A","N/A","Charming Games Collective","2960","N/A","N/A",37,"421149","714088","","2025-00-00","Q4 2024",""
"Doom Cat","Standalone","Demo","N/A","N/A","N/A","N/A","Charming Games Collective","2960","N/A","N/A",12,"414946","702700","","2024-10-00","",""
"Dungeon Kart","Standalone","For Sale","USD",60,"N/A","N/A","Brotherwise Games","339","N/A","N/A",37,"398032","676096","","2024-07-10","",""
"Adulthood","Standalone","For Sale","USD",30,"N/A","N/A","Brotherwise Games","339","N/A","N/A",32,"416780","706008","","2024-00-00","Q3 2024",""
"Mistborn Deckbuilding Game","Standalone","Demo","N/A","N/A","N/A","N/A","Brotherwise Games","339","N/A","N/A",58,"422780","717189","","0000-00-00","Q4 2024",""
"Holiday Hijinks #9: The Marriage Mix-Up","Standalone","For Sale","N/A","N/A","N/A","N/A","Grand Gamers Guild","2838","N/A","N/A",214,"406129","689208","","2024-07-10","",""
"Mischief","Standalone","Demo","N/A","N/A","N/A","N/A","Dream Cult Game Studio","632 (Indie Game Alliance)","N/A","N/A",15,"396648","674053","","2025-00-00","",""
"Colt Express","Standalone","For Sale","USD",40,"N/A","N/A","Ludonaute","1321-demos / 1429-sales (Flat River Group)","N/A","N/A",50,"158899","713698","COLT01","2024-10-00","",""
"Side Quest: Frostpunk","Standalone","For Sale","USD",16,"N/A","N/A","Board&Dice","2611","N/A","N/A",26,"420948","713768","","2024-08-01","",""
"Reef Project","Standalone","For Sale","USD",50,"N/A","N/A","Board&Dice","2611","N/A","N/A",138,"419199","710522","","2024-08-01","",""
"Lynx","Standalone","Demo","N/A","N/A","N/A","N/A","Play to Z","ICC : Hall D : Play to Z : HQ","N/A","N/A",19,"415376","703483","","2024-10-00","",""
"King's Coalition","Standalone","Demo","N/A","N/A","N/A","N/A","Play to Z","ICC : Hall D : Play to Z : HQ","N/A","N/A",6,"335652","558450","","2024-09-00","",""
"23 Knives","Standalone","Demo","N/A","N/A","N/A","N/A","Play to Z","ICC : Hall D : Play to Z : HQ","N/A","N/A",18,"396740","674180","","2025-03-15","",""
"Alpha Clash: Cosmic Conquest","Standalone","Demo","N/A","N/A","N/A","N/A","Rising Empire Studios","2857","N/A","N/A",5,"421203","714241","RESCC24","2024-00-00","Q4 2024",""
"Moon Bunny","Standalone","Demo","N/A","N/A","N/A","N/A","Hot Banana Games","2319","N/A","N/A",69,"377991","645462","","2025-00-00","Q4 2025",""
